ID,Age,Gender,Education,Country,Ethics,Column7,Column8,Column14,Column15,Column16,Column17
1,36,M,PD,0.96,0.13,0.31,-0.58,CL5,CL2,CL0,CL2
2,30,F,PhD,0.96,-0.32,-0.68,1.94,CL5,CL2,CL2,CL0
3,44,F,PD,0.96,-0.32,-0.47,0.81,CL6,CL0,CL0,CL0
4,20,M,Msc,0.96,-0.32,-0.15,-0.81,CL4,CL0,CL0,CL3
5,43,M,PhD,0.96,-0.32,0.74,-1.63,CL4,CL1,CL1,CL0
6,19,M,L23,0.25,-0.32,-0.68,-0.3,CL2,CL0,CL0,CL0
7,53,F,Msc,-0.57,-0.32,-0.47,-1.09,CL6,CL0,CL0,CL0
8,36,F,L21,0.96,-0.32,-1.33,1.94,CL5,CL0,CL0,CL0
9,41,M,PD,0.25,-0.32,0.63,2.57,CL4,CL0,CL0,CL0
10,59,F,Msc,0.96,-0.32,-0.25,0.0,CL6,CL1,CL0,CL1
11,33,M,Uni,0.96,-0.32,-1.05,0.81,CL5,CL0,CL1,CL0
12,50,F,CD,-0.29,-0.32,-1.33,0.0,CL5,CL1,CL0,CL0
13,57,M,Uni,0.96,-0.32,2.29,0.17,CL5,CL1,CL0,CL4
14,61,M,PD,0.25,-0.32,-0.79,0.81,CL1,CL0,CL0,CL0
15,59,M,PD,0.96,-0.32,-0.92,1.45,CL6,CL0,CL0,CL0
16,60,F,Uni,0.96,-0.32,-2.05,-1.51,CL5,CL2,CL2,CL0
17,41,M,CD,0.96,-0.32,-1.55,-0.81,CL6,CL0,CL0,CL1
18,50,F,L21,0.96,-0.32,0.52,-1.23,CL6,CL1,CL1,CL0
19,60,F,Uni,-0.1,-0.32,1.37,-0.15,CL6,CL2,CL0,CL2
20,38,F,PD,0.96,-0.32,-0.35,-1.76,CL4,CL1,CL0,CL0
21,51,F,PD,0.96,-0.32,-0.79,0.81,CL6,CL1,CL1,CL0
22,133,F,B21,0.96,-0.32,-1.19,0.48,CL5,CL0,CL0,CL0
23,50,F,Uni,0.96,-0.32,0.42,-0.95,CL4,CL0,CL0,CL0
24,47,F,L21,0.96,-0.32,1.6,-3.27,CL6,CL2,CL1,CL5
25,59,F,Uni,0.96,-0.32,-0.15,0.64,CL5,CL1,CL1,CL1
26,53,F,CD,0.96,-0.32,-0.79,-0.44,CL5,CL1,CL2,CL0
27,63,M,L23,0.25,-0.32,-0.05,-1.63,CL6,CL0,CL0,CL2
28,36,F,Uni,0.96,-0.32,0.52,-1.23,CL6,CL1,CL1,CL2
29,40,M,Msc,0.96,-0.32,0.04,-1.51,CL6,CL0,CL0,CL0
30,45,F,PhD,0.96,-0.32,-1.33,1.74,CL0,CL0,CL0,CL0
31,48,F,L21,0.96,-0.32,0.31,-0.81,CL6,CL1,CL1,CL1
32,44,M,L21,-0.29,-0.32,-1.19,-0.81,CL3,CL0,CL0,CL2
33,37,F,Uni,0.96,-0.32,-0.79,-1.23,CL6,CL1,CL1,CL0
34,23,F,Uni,0.96,-0.32,0.42,-0.3,CL6,CL0,CL0,CL0
35,38,F,Uni,-0.57,11,1.02,0.64,CL4,CL2,CL1,CL1
36,83,F,B21,0.96,-0.32,-0.25,-0.81,CL3,CL0,CL0,CL0
37,43,F,Uni,0.96,-0.32,-0.25,-0.58,CL6,CL0,CL0,CL0
38,63,F,B21,-0.57,-0.32,0.31,0.32,CL6,CL1,CL2,CL1
39,47,F,Uni,0.96,-0.32,-1.55,1.29,CL6,CL1,CL0,CL0
40,259,M,PD,0.96,-0.32,-0.25,-0.95,CL6,CL0,CL0,CL0
41,35,F,Msc,0.96,-0.32,0.04,-0.44,CL5,CL1,CL0,CL2
42,35,M,Uni,0.96,-0.32,0.83,0.0,CL4,CL0,CL0,CL0
43,41,F,Msc,0.96,-0.32,-0.15,-0.95,CL6,CL0,CL3,CL5
44,38,F,PD,0.96,-0.32,-0.92,-0.58,CL6,CL2,CL2,CL0
45,27,F,Uni,0.96,11,-1.05,1.45,CL5,CL0,CL0,CL0
46,32,M,Uni,0.96,-0.32,-0.47,0.48,CL5,CL0,CL0,CL0
47,53,M,CD,0.25,-0.32,0.31,0.64,CL3,CL0,CL0,CL0
48,48,F,Msc,0.96,-0.32,-2.05,0.81,CL5,CL0,CL0,CL0
49,49,F,L21,0.96,-0.32,0.14,-0.81,CL6,CL1,CL1,CL0
50,27,M,Msc,0.96,-0.22,0.83,-0.58,CL6,CL0,CL0,CL0
51,42,F,Msc,0.96,-0.32,1.02,-0.15,CL6,CL1,CL2,CL1
52,45,F,PD,0.25,-0.32,1.13,0.96,CL2,CL1,CL1,CL1
53,55,M,Uni,0.96,-0.32,-0.15,0.0,CL5,CL0,CL0,CL0
54,48,F,Msc,0.96,-0.32,-1.44,-0.15,CL5,CL1,CL1,CL0
55,57,F,L21,0.96,-0.32,0.04,1.11,CL6,CL0,CL0,CL0
56,64,M,PD,0.96,-0.32,0.04,-0.7,CL3,CL0,CL0,CL0
57,37,M,CD,0.96,-0.32,0.04,0.0,CL5,CL0,CL0,CL0
58,28,M,Uni,0.96,-0.32,-0.58,0.64,CL1,CL0,CL0,CL0
59,50,F,L23,0.96,-0.32,0.22,0.64,CL5,CL1,CL1,CL0
60,47,F,Uni,0.96,-0.32,-0.47,-1.23,CL5,CL0,CL0,CL0
61,27,M,PhD,0.96,-0.32,1.37,0.32,CL5,CL0,CL0,CL3
62,48,F,Msc,0.96,-0.5,-2.22,1.58,CL5,CL1,CL0,CL0
63,30,F,Uni,0.96,-0.32,-0.58,-1.38,CL5,CL0,CL0,CL0
64,47,F,Uni,0.96,-0.32,1.02,-0.3,CL5,CL0,CL0,CL0
65,50,F,PhD,0.96,-0.32,-1.55,0.48,CL6,CL1,CL0,CL1
66,36,F,CD,0.96,-0.32,0.74,0.48,CL5,CL0,CL0,CL3
67,50,F,L21,0.96,-0.32,-1.05,-0.7,CL4,CL0,CL0,CL0
68,31,F,Msc,0.96,-0.32,-0.35,-0.3,CL5,CL1,CL1,CL0
69,39,F,PD,-0.29,-0.32,-0.92,0.0,CL5,CL1,CL1,CL0
70,49,M,L21,0.96,-0.32,-0.05,-0.7,CL6,CL0,CL0,CL6
71,29,F,CD,0.96,-0.32,-0.35,-0.3,CL6,CL2,CL1,CL0
72,45,M,L23,0.25,-0.32,-0.47,1.11,CL5,CL0,CL0,CL0
73,52,F,L23,0.96,-0.32,-1.55,0.96,CL6,CL1,CL1,CL0
74,54,F,PD,0.96,-0.32,-0.68,-0.58,CL6,CL0,CL0,CL0
75,270,M,L21,0.96,-0.32,-1.19,-1.76,CL3,CL0,CL0,CL0
76,33,F,Uni,0.96,-0.32,-0.15,0.17,CL5,CL0,CL0,CL0
77,47,M,L22,0.25,-0.32,-0.35,-0.7,CL4,CL0,CL0,CL0
78,39,F,Uni,0.96,-0.32,0.14,-1.63,CL3,CL1,CL0,CL0
79,40,F,CD,0.96,-0.32,-0.79,-0.81,CL6,CL0,CL1,CL0
80,39,F,PD,0.96,-0.32,-0.35,-0.81,CL5,CL0,CL0,CL0
81,189,M,PhD,0.25,-0.32,0.04,0.32,CL6,CL0,CL0,CL3
82,64,M,Uni,0.96,-0.32,-0.79,-1.23,CL5,CL1,CL1,CL1
83,55,F,Msc,0.25,-0.32,-2.05,1.45,CL5,CL0,CL0,CL0
84,60,M,L22,0.96,-0.22,1.02,-0.95,CL3,CL0,CL0,CL5
85,49,F,L21,0.96,-0.32,-0.35,0.17,CL5,CL0,CL0,CL0
86,26,M,L23,0.96,-0.32,-0.47,0.0,CL3,CL0,CL1,CL0
87,39,F,CD,0.96,-0.32,0.74,-0.15,CL5,CL0,CL1,CL0
88,62,F,L21,0.96,-0.32,-0.92,0.17,CL5,CL0,CL0,CL0
89,38,M,CD,0.96,-0.32,0.31,-1.92,CL3,CL0,CL1,CL1
90,39,M,Msc,0.96,-0.32,0.91,-0.58,CL5,CL1,CL1,CL2
91,36,M,Msc,0.96,-0.32,1.37,0.32,CL6,CL0,CL0,CL0
92,36,F,PD,0.25,-0.32,0.42,-0.44,CL2,CL0,CL0,CL3
93,34,F,L23,0.96,-0.32,-1.55,-0.3,CL4,CL0,CL0,CL0
94,194,M,L21,0.96,-0.32,-0.15,-0.81,CL3,CL0,CL0,CL0
95,46,F,Msc,0.96,-0.32,-0.68,-0.58,CL5,CL0,CL0,CL3
96,48,F,Msc,0.96,-0.32,-0.47,0.32,CL6,CL1,CL1,CL1
97,40,M,Uni,0.25,-0.32,0.14,-1.09,CL4,CL1,CL0,CL0
98,53,M,Msc,0.96,-0.32,-0.47,0.64,CL5,CL1,CL0,CL1
99,42,F,PhD,0.25,-0.32,-1.19,-0.44,CL4,CL1,CL0,CL0
100,32,M,Uni,0.96,-0.32,-0.68,3.01,CL6,CL2,CL0,CL3
101,29,F,Msc,-0.29,-0.32,-1.05,2.57,CL6,CL3,CL3,CL4
102,50,M,L21,-0.1,-0.32,-0.58,0.48,CL4,CL0,CL0,CL0
103,51,F,L23,0.96,-0.32,-0.58,1.29,CL6,CL1,CL3,CL4
104,49,M,PD,0.25,-0.32,0.04,0.64,CL4,CL0,CL0,CL0
105,34,M,CD,0.25,-0.32,-0.92,0.17,CL5,CL0,CL0,CL0
106,39,F,PD,0.96,-0.32,-2.22,0.48,CL3,CL0,CL0,CL0
107,28,M,CD,0.96,-0.32,1.02,-0.3,CL4,CL0,CL0,CL0
108,40,M,KP,0.96,-0.32,0.14,0.0,CL5,CL3,CL0,CL0
109,25,M,GT,0.96,-0.32,-0.47,2.13,CL5,CL0,CL0,CL3
110,46,M,EW,0.96,-0.32,-0.79,0.48,CL5,CL1,CL0,CL0
111,14,F,TD,0.96,-0.5,-0.15,0.32,CL5,CL0,CL0,CL0
112,28,F,Msc,0.96,32,0.31,-1.09,CL6,CL1,CL0,CL0
113,28,M,Uni,0.96,32,-1.19,0.32,CL3,CL0,CL0,CL0
114,45,M,PD,0.96,-0.32,0.04,0.64,CL4,CL0,CL0,CL1
115,40,F,CD,0.96,-0.32,-2.34,1.94,CL4,CL1,CL1,CL2
116,30,M,PD,0.25,-0.32,0.22,-0.58,CL5,CL1,CL2,CL0
117,44,F,PD,0.25,-0.32,0.63,-0.58,CL4,CL0,CL0,CL0
118,25,M,Uni,0.96,-0.32,1.6,0.81,CL5,CL1,CL1,CL3
119,41,M,CD,-0.57,-0.32,1.84,-1.92,CL5,CL0,CL0,CL6
120,36,M,Uni,0.96,-0.32,-0.35,0.64,CL5,CL0,CL0,CL0
121,31,M,Msc,0.96,-0.32,-1.05,0.64,CL6,CL1,CL0,CL0
122,44,M,PD,0.96,-0.32,1.49,-1.23,CL2,CL0,CL0,CL0
123,55,F,Msc,0.96,-0.32,0.22,0.17,CL6,CL0,CL0,CL0
124,25,M,Uni,0.96,-0.32,0.22,-0.7,CL5,CL1,CL0,CL0
125,54,F,L21,0.96,-0.32,-0.35,1.94,CL3,CL0,CL0,CL0
126,56,F,Uni,0.96,-0.32,-0.47,1.29,CL6,CL0,CL0,CL0
127,52,F,Uni,0.96,-0.32,-1.19,0.64,CL5,CL1,CL1,CL0
128,50,M,L22,0.96,-0.32,-0.35,-0.81,CL5,CL0,CL0,CL0
129,35,F,PhD,0.96,-0.5,0.04,0.64,CL0,CL0,CL0,CL2
130,54,M,Msc,0.96,-0.32,-0.79,0.96,CL6,CL0,CL0,CL0
131,48,M,L21,0.96,-0.32,0.91,0.32,CL5,CL0,CL0,CL0
132,49,M,L21,0.96,0.11,-1.55,-0.15,CL4,CL0,CL0,CL2
133,42,M,L23,0.21,-0.32,-0.25,-0.58,CL4,CL0,CL0,CL0
134,43,F,Msc,0.96,-0.32,-0.05,0.17,CL5,CL0,CL0,CL1
135,32,M,Msc,0.96,0.13,3.27,-1.51,CL6,CL1,CL0,CL0
136,37,M,L21,0.96,-0.32,-1.69,1.58,CL1,CL0,CL0,CL0
137,45,M,Uni,0.96,-0.32,-0.15,-0.3,CL5,CL0,CL0,CL0
138,50,M,Uni,0.96,-0.32,-1.19,1.58,CL4,CL0,CL0,CL0
139,56,F,Uni,0.96,-0.32,-0.47,-0.81,CL6,CL0,CL0,CL4
140,52,F,L21,0.96,-0.32,-0.05,0.32,CL6,CL0,CL0,CL0
141,32,M,Uni,0.96,-0.5,1.98,0.32,CL5,CL0,CL0,CL2
142,37,M,L21,0.96,-0.32,-0.79,0.64,CL5,CL0,CL0,CL0
143,39,F,L22,0.96,-0.32,-0.47,-0.3,CL6,CL0,CL0,CL0
144,41,F,PD,0.96,-1.11,-1.69,1.29,CL1,CL0,CL0,CL0
145,46,F,PD,0.25,-0.32,0.14,-1.09,CL6,CL0,CL0,CL0
146,49,M,Uni,0.96,-0.32,-0.47,0.17,CL4,CL0,CL0,CL1
147,55,F,PD,0.96,-0.32,0.22,-1.23,CL6,CL0,CL0,CL1
148,38,F,Msc,0.96,-1.11,-0.58,0.48,CL4,CL0,CL0,CL0
149,38,M,PD,0.96,-0.32,-0.05,-1.09,CL4,CL0,CL0,CL0
150,51,M,Uni,0.96,-0.32,-0.79,1.94,CL4,CL0,CL0,CL0
151,41,M,CD,0.96,-0.32,-0.25,1.29,CL5,CL0,CL0,CL0
152,41,M,Uni,0.96,-0.32,0.52,-1.63,CL5,CL0,CL0,CL0
153,28,M,Uni,0.96,-0.32,-0.47,-1.51,CL5,CL0,CL1,CL2
154,33,F,Uni,0.96,-0.32,-0.68,0.96,CL6,CL0,CL1,CL0
155,23,M,CD,0.96,-0.32,2.82,-1.38,CL5,CL0,CL0,CL5
156,43,M,Uni,0.96,-1.11,0.63,-1.38,CL5,CL0,CL0,CL0
157,36,M,CD,0.96,-0.32,1.23,0.0,CL5,CL2,CL1,CL1
158,27,F,L21,0.96,-0.32,-1.05,1.11,CL6,CL0,CL0,CL0
159,43,M,Uni,-0.1,-0.32,-0.25,0.17,CL3,CL0,CL0,CL0
160,50,M,CD,0.96,-1.11,-0.47,-0.58,CL4,CL0,CL0,CL0
161,48,F,Msc,-0.29,-0.32,1.02,0.81,CL5,CL1,CL1,CL1
162,43,F,Uni,0.96,-1.11,-0.68,0.32,CL5,CL0,CL0,CL0
163,30,M,Uni,-0.47,-0.32,0.22,0.0,CL3,CL0,CL0,CL0
164,30,M,CD,0.96,-0.32,1.84,0.0,CL4,CL0,CL0,CL0
165,34,M,PhD,0.96,-0.32,0.14,0.32,CL3,CL1,CL0,CL0
166,51,F,Msc,0.96,-0.32,-0.25,-0.3,CL6,CL0,CL0,CL0
167,19,F,CD,0.96,-0.32,1.49,-1.23,CL5,CL0,CL0,CL0
168,26,M,PD,0.96,-1.11,0.04,0.0,CL2,CL0,CL0,CL0
169,29,M,Uni,0.96,-0.32,0.22,1.29,CL5,CL0,CL0,CL0
170,23,M,L23,0.96,-0.32,-0.35,0.0,CL5,CL0,CL3,CL0
171,45,F,L21,0.96,-0.32,1.37,-0.3,CL2,CL1,CL1,CL3
172,35,F,Msc,0.96,-0.32,-0.35,0.96,CL6,CL0,CL1,CL0
173,50,M,PD,0.96,-0.32,0.52,-0.58,CL5,CL0,CL0,CL0
174,38,M,Uni,0.96,-0.32,1.02,0.64,CL6,CL0,CL0,CL0
175,36,M,PD,0.96,-0.32,1.02,-0.58,CL6,CL0,CL0,CL2
176,58,M,Uni,0.96,-0.32,0.63,0.0,CL5,CL0,CL0,CL0
177,35,M,Uni,0.96,0.11,-0.15,-0.58,CL3,CL0,CL0,CL0
178,37,M,Uni,0.96,-0.32,1.49,0.0,CL5,CL0,CL0,CL0
179,49,M,Uni,0.96,-0.32,0.83,-0.95,CL5,CL1,CL0,CL0
180,40,M,PD,0.96,-0.32,0.42,-0.15,CL5,CL1,CL0,CL0
181,49,M,PD,0.96,-0.32,0.31,0.64,CL5,CL0,CL0,CL0
182,34,F,PhD,0.96,-0.32,-1.33,-0.44,CL5,CL0,CL0,CL0
183,37,M,CD,0.96,-0.32,0.31,0.81,CL5,CL0,CL0,CL0
184,21,M,Uni,0.96,-0.32,1.98,-0.44,CL6,CL3,CL0,CL0
185,57,F,L23,0.96,-0.32,0.04,-0.81,CL6,CL0,CL0,CL0
186,41,M,Uni,0.25,-0.32,0.31,0.64,CL5,CL0,CL0,CL0
187,38,M,Msc,0.96,-0.32,-0.68,1.45,CL6,CL0,CL0,CL0
188,63,M,L21,0.96,-0.32,-0.79,-0.81,CL4,CL0,CL0,CL0
189,49,M,L21,0.96,-0.32,0.42,-1.38,CL4,CL0,CL0,CL2
190,18,M,Msc,0.96,-0.32,-0.35,0.0,CL5,CL0,CL0,CL0
191,60,M,PD,0.96,-0.32,-1.44,0.0,CL5,CL0,CL0,CL1
192,19,F,Uni,0.96,0.13,-0.35,1.29,CL5,CL0,CL0,CL0
193,27,M,PD,0.25,-0.32,-0.79,-0.3,CL5,CL1,CL0,CL1
194,46,M,Uni,0.96,-0.32,0.31,-1.09,CL5,CL0,CL0,CL0
195,28,M,Uni,0.25,0.13,-0.92,1.29,CL3,CL0,CL0,CL0
196,56,M,Uni,0.96,-0.32,0.63,0.32,CL5,CL1,CL0,CL1
197,22,F,Uni,0.96,-1.11,-0.58,0.32,CL4,CL0,CL0,CL0
198,60,M,Uni,0.96,-0.32,-0.35,0.48,CL5,CL0,CL0,CL0
199,27,M,PD,0.96,-0.32,-0.05,0.48,CL6,CL5,CL5,CL2
200,54,M,PD,0.96,-0.32,-0.47,2.32,CL4,CL4,CL1,CL1
201,22,M,Uni,0.96,-0.32,-0.58,0.17,CL6,CL0,CL0,CL0
202,43,F,Msc,0.96,0.11,-0.15,-0.95,CL5,CL3,CL3,CL2
203,40,M,Uni,0.96,-0.32,-0.68,1.29,CL6,CL0,CL0,CL3
204,192,F,B21,0.96,-0.32,-1.55,-1.09,CL5,CL0,CL0,CL0
205,25,M,Uni,0.96,-0.32,-0.15,0.96,CL5,CL2,CL2,CL2
206,38,M,L21,0.96,-0.32,-0.15,1.11,CL5,CL0,CL0,CL3
207,20,M,Uni,0.96,-0.32,-0.05,1.29,CL5,CL0,CL0,CL0
208,40,M,PD,0.96,-0.32,-0.68,0.48,CL5,CL1,CL4,CL1
209,37,M,Uni,0.96,-0.32,0.14,0.0,CL4,CL1,CL1,CL0
210,25,F,Msc,0.96,5.00,-1.44,0.48,CL0,CL0,CL0,CL0
211,33,M,CD,0.96,-0.32,0.74,0.17,CL3,CL0,CL0,CL0
212,47,M,L21,0.96,-0.32,-0.68,-0.58,CL5,CL0,CL0,CL0
213,33,M,PD,0.96,-0.32,0.14,0.64,CL6,CL1,CL1,CL0
214,45,M,PD,0.21,-0.32,0.52,-0.15,CL5,CL0,CL0,CL1
215,28,M,PD,0.96,-0.32,-0.15,1.11,CL5,CL0,CL0,CL0
216,33,M,Uni,0.25,-0.32,1.6,-0.3,CL5,CL2,CL0,CL0
217,30,M,ZQ,0.96,-0.32,0.22,1.11,CL5,CL1,CL1,CL0
218,44,F,PN,0.96,-0.32,1.23,0.81,CL2,CL1,CL1,CL1
219,27,M,ZQ,-0.29,-0.32,0.31,1.11,CL4,CL0,CL0,CL0
220,39,M,IL,0.96,-0.32,-0.35,-0.58,CL6,CL1,CL1,CL1
221,20,M,Uni,0.96,-0.32,0.83,-0.3,CL5,CL0,CL2,CL0
222,30,M,Uni,0.96,-0.32,-0.15,0.48,CL3,CL0,CL0,CL0
223,38,M,Uni,0.96,-0.32,-0.25,0.64,CL6,CL2,CL0,CL0
224,60,F,Uni,0.96,-0.32,-1.19,1.11,CL1,CL0,CL0,CL0
225,46,M,Uni,0.96,-0.32,-0.47,1.45,CL5,CL0,CL0,CL0
226,44,M,Uni,0.96,-0.32,-1.33,0.64,CL6,CL1,CL0,CL0
227,54,M,Uni,0.96,-0.32,-0.47,0.48,CL5,CL0,CL0,CL0
228,20,F,CD,0.96,-0.32,0.22,0.96,CL5,CL0,CL0,CL0
229,52,F,Msc,0.96,-0.32,-0.68,0.32,CL6,CL1,CL1,CL1
230,53,M,Uni,0.96,-0.32,-1.05,1.45,CL6,CL0,CL0,CL0
231,39,M,PD,0.96,-0.32,1.02,-2.21,CL5,CL0,CL0,CL2
232,146,M,Msc,0.96,-0.32,0.14,-1.09,CL6,CL0,CL0,CL1
233,27,M,Uni,0.96,-0.32,0.04,1.29,CL5,CL1,CL0,CL0
234,51,F,Uni,0.96,-0.32,-0.68,0.81,CL6,CL0,CL0,CL0
235,34,M,Uni,0.96,-0.32,0.42,0.96,CL4,CL0,CL0,CL0
236,30,M,PD,0.96,-0.32,0.04,0.96,CL5,CL0,CL0,CL3
237,26,M,Msc,0.96,-0.32,1.49,0.32,CL6,CL0,CL0,CL0
238,25,M,L21,0.96,-0.32,0.91,-0.15,CL5,CL1,CL1,CL0
239,21,M,L23,0.96,-0.32,0.52,-0.15,CL4,CL0,CL0,CL0
240,50,M,PD,0.96,-0.32,-1.87,0.64,CL5,CL0,CL0,CL0
241,43,M,Msc,0.96,5.00,0.63,-1.23,CL4,CL0,CL0,CL0
242,26,M,L23,-0.29,5.00,2.13,-1.23,CL5,CL0,CL0,CL0
243,21,M,CD,0.96,-0.32,1.49,-1.51,CL5,CL0,CL0,CL0
244,31,M,Uni,0.96,-0.32,-0.58,1.11,CL5,CL3,CL1,CL2
245,42,F,Uni,0.96,-0.32,1.98,-1.51,CL5,CL0,CL0,CL3
246,30,M,CD,0.96,-0.32,-0.25,-0.95,CL5,CL1,CL0,CL0
247,33,M,PD,0.96,-0.32,1.37,-0.7,CL5,CL0,CL0,CL2
248,51,F,Msc,0.96,-0.32,-0.92,-0.3,CL6,CL0,CL0,CL0
249,52,M,PhD,0.96,-0.32,-2.42,0.17,CL5,CL0,CL0,CL0
250,51,M,PD,0.96,-0.32,1.13,0.32,CL5,CL0,CL0,CL0
251,-2,F,Uni,0.96,-0.32,-0.47,0.17,CL5,CL0,CL0,CL0
252,44,M,Uni,0.96,-0.32,0.63,-0.95,CL4,CL0,CL0,CL0
253,19,M,Msc,0.96,-0.32,-1.44,0.96,CL5,CL0,CL0,CL0
254,45,M,PhD,0.96,-0.32,-0.79,0.17,CL6,CL0,CL0,CL0
255,34,F,PD,0.96,-0.32,1.37,-0.7,CL4,CL0,CL0,CL0
256,35,M,Msc,0.96,-0.32,-1.19,1.74,CL5,CL1,CL0,CL0
257,18,M,CD,0.96,-0.32,-0.47,0.64,CL4,CL2,CL0,CL0
258,39,F,PhD,0.96,-0.32,0.04,0.0,CL4,CL1,CL1,CL1
259,148,F,PhD,0.96,-0.32,0.52,-0.15,CL5,CL0,CL0,CL5
260,257,F,PD,0.96,-0.32,-1.05,-0.3,CL6,CL0,CL0,CL0
261,50,M,PD,0.96,-0.32,-0.47,0.96,CL5,CL0,CL0,CL0
262,64,F,Uni,0.96,-0.32,-0.68,-0.44,CL2,CL0,CL1,CL2
263,45,F,Msc,0.96,-0.5,-0.92,0.81,CL3,CL0,CL0,CL0
264,58,M,B21,0.96,-0.32,-1.05,0.0,CL5,CL0,CL0,CL0
265,21,M,Uni,0.96,-0.32,-0.47,0.17,CL5,CL0,CL0,CL0
266,44,M,Uni,0.96,-1.11,-0.25,0.0,CL2,CL0,CL0,CL0
267,58,F,Uni,0.96,-0.32,-1.19,-0.15,CL6,CL1,CL0,CL0
268,39,F,PD,0.96,-1.11,-0.92,1.45,CL6,CL0,CL0,CL0
269,49,M,Msc,0.96,-0.32,-1.05,1.74,CL6,CL0,CL0,CL0
270,42,M,Msc,0.96,-1.11,-0.92,0.17,CL4,CL0,CL0,CL2
271,51,M,Msc,0.96,-0.32,-2.34,2.13,CL6,CL0,CL0,CL0
272,47,M,Msc,0.96,-0.32,0.74,-0.7,CL6,CL1,CL1,CL0
273,13,F,PhD,0.96,-0.32,-1.05,0.0,CL6,CL0,CL0,CL0
274,30,M,Uni,0.96,-0.32,12,0.17,CL6,CL3,CL3,CL4
275,36,F,Msc,0.96,-0.32,12,0.96,CL6,CL1,CL6,CL5
276,40,M,Msc,0.96,-0.32,0.42,-0.44,CL4,CL0,CL0,CL0
277,57,F,PhD,0.96,-0.32,-0.92,0.48,CL6,CL0,CL0,CL0
278,25,F,CD,0.96,-0.32,-1.05,1.45,CL5,CL2,CL2,CL2
279,49,M,Uni,0.96,-0.32,-0.25,-0.44,CL5,CL0,CL0,CL0
280,51,F,Msc,0.96,-0.32,-1.33,0.81,CL5,CL1,CL0,CL2
281,57,F,Msc,0.96,-0.32,-0.05,0.17,CL6,CL0,CL0,CL0
282,47,M,CD,0.96,-0.32,0.04,-0.3,CL5,CL0,CL0,CL1
283,51,M,Msc,0.96,-0.32,-0.05,0.0,CL5,CL0,CL0,CL0
284,49,F,Uni,0.96,-0.32,-0.92,1.58,CL6,CL0,CL0,CL0
285,40,F,PD,-0.29,-0.32,-1.19,-0.81,CL3,CL2,CL2,CL3
286,39,F,Uni,0.96,-0.32,-0.92,1.29,CL5,CL0,CL0,CL0
287,-56,M,Uni,0.96,-0.32,0.22,-1.38,CL5,CL0,CL0,CL0
288,47,F,Msc,0.96,-0.32,0.31,0.32,CL3,CL0,CL0,CL2
289,33,F,CD,0.96,-0.32,0.63,0.32,CL6,CL0,CL0,CL0
290,34,M,Msc,0.96,-0.32,-2.05,0.64,CL4,CL0,CL1,CL0
291,41,M,PD,0.96,-1.11,-0.92,0.96,CL0,CL0,CL0,CL0
292,36,M,CD,0.96,-0.32,0.63,-1.09,CL5,CL1,CL0,CL0
293,49,M,PD,0.96,-0.32,-0.05,-0.15,CL3,CL0,CL0,CL0
295,32,M,PD,0.96,-0.32,1.13,0.0,CL3,CL1,CL1,CL0
296,18,M,L22,0.96,-0.32,-0.35,0.48,CL5,CL0,CL0,CL0
297,35,F,PD,0.96,-0.32,1.37,-0.44,CL5,CL0,CL1,CL4
298,138,M,L21,0.96,-0.32,0.83,-0.81,CL0,CL0,CL0,CL0
300,36,M,Uni,0.96,-0.32,0.14,-0.3,CL5,CL0,CL0,CL0
301,42,M,PD,-0.57,-0.32,0.83,-0.95,CL5,CL0,CL0,CL0
302,25,M,CD,-0.57,-0.32,-0.25,-0.44,CL3,CL0,CL0,CL0
303,38,M,PhD,0.96,-0.32,0.52,-0.44,CL6,CL0,CL0,CL0
304,58,M,PD,0.96,-0.32,-0.15,0.64,CL6,CL0,CL0,CL1
305,53,M,Uni,0.96,-0.32,-0.35,0.0,CL6,CL0,CL0,CL0
306,53,M,Uni,0.96,-0.32,-1.05,-2.32,CL4,CL1,CL2,CL0
307,43,F,Msc,0.96,-0.32,0.22,-1.23,CL5,CL0,CL1,CL0
308,49,F,Msc,0.96,-0.32,-0.47,-0.58,CL5,CL0,CL0,CL0
309,35,M,L23,0.96,-0.32,-1.69,0.81,CL5,CL0,CL0,CL0
310,41,F,Msc,0.96,-0.32,-0.79,0.17,CL6,CL0,CL0,CL0
311,51,M,Uni,0.96,-0.32,-1.33,-0.15,CL3,CL0,CL0,CL0
312,18,M,L21,0.96,-0.32,1.13,-0.58,CL3,CL0,CL0,CL0
313,48,M,Msc,0.96,-0.32,-0.35,0.0,CL6,CL0,CL0,CL1
314,31,M,Msc,0.96,-0.32,0.04,1.74,CL5,CL1,CL1,CL0
315,18,M,L23,0.21,-0.32,-0.58,0.17,CL5,CL0,CL0,CL0
316,48,M,PhD,0.96,-0.32,-0.79,0.81,CL5,CL0,CL0,CL0
317,55,M,Uni,0.96,-0.32,-0.47,0.81,CL5,CL1,CL0,CL0
318,43,F,Uni,0.96,-1.11,79,1.94,CL5,CL0,CL0,CL0
319,27,M,PD,0.96,-0.32,79,0.0,CL2,CL0,CL0,CL0
320,47,M,L21,0.96,Nan,0.31,-0.3,CL4,CL0,CL0,CL0
321,48,M,Uni,0.96,-0.32,0.74,-0.3,CL5,CL0,CL0,CL0
322,40,M,CD,0.96,-0.32,0.52,-0.3,CL5,CL0,CL0,CL0
323,18,M,Uni,0.96,-0.32,-0.79,0.48,CL5,CL0,CL2,CL0
324,46,F,L22,0.96,-0.32,0.91,-1.09,CL6,CL1,CL1,CL0
325,26,M,PhD,0.96,-0.32,0.22,0.0,CL5,CL0,CL0,CL0
326,37,M,PD,0.96,-0.32,-0.79,1.29,CL5,CL0,CL0,CL0
327,41,F,L23,0.96,-0.32,-0.58,-1.63,CL6,CL3,CL2,CL0
328,40,F,Msc,0.96,-0.32,-1.87,1.58,CL6,CL0,CL0,CL0
329,31,M,PD,0.96,-0.32,0.22,-0.3,CL5,CL0,CL0,CL2
330,46,F,PD,0.96,-0.32,-0.35,0.48,CL4,CL0,CL0,CL1
331,54,M,PD,0.96,-0.32,-,0.48,CL1,CL0,CL0,CL0
332,42,F,B21,0.96,-0.32,-,-0.44,CL6,CL2,CL2,CL2
333,62,M,L23,0.25,-0.32,-0.47,-0.44,CL0,CL0,CL0,CL0
334,22,M,CD,0.96,-0.32,2.82,-1.92,CL6,CL0,CL3,CL0
335,289,F,CD,0.25,-0.32,-1.33,-0.44,CL4,CL0,CL0,CL5
336,232,M,L21,0.25,-0.32,-0.15,-0.15,CL4,CL0,CL0,CL0
337,33,M,Msc,0.96,-0.32,0.42,-0.58,CL6,CL0,CL0,CL0
338,53,M,Msc,0.96,-1.11,0.63,0.17,CL5,CL0,CL0,CL0
339,53,M,PD,0.25,-0.32,-0.58,0.32,CL5,CL1,CL1,CL2
340,35,F,PhD,0.96,-0.32,-1.87,1.29,CL6,CL0,CL0,CL0
341,47,M,PD,0.96,-0.32,-0.15,-0.3,CL5,CL0,CL0,CL0
342,37,M,Msc,0.96,-0.32,-0.47,1.11,CL5,CL0,CL0,CL0
343,63,M,PD,0.96,-0.32,-1.69,0.96,CL5,CL0,CL0,CL0
344,61,M,PD,0.96,-0.32,0.63,0.0,CL1,CL0,CL0,CL1
345,21,M,B21,0.96,-0.32,0.22,-0.15,CL5,CL2,CL3,CL6
346,40,M,Msc,0.96,-0.32,-1.87,0.17,CL1,CL1,CL1,CL1
347,36,M,Uni,0.96,-0.32,0.04,0.48,CL2,CL2,CL2,CL2
348,48,M,Uni,0.96,-0.32,-0.15,1.74,CL6,CL1,CL0,CL0
349,47,F,Msc,0.96,-0.32,-0.92,0.81,CL2,CL2,CL1,CL2
350,50,F,PD,0.96,-1.11,-0.58,0.32,CL6,CL0,CL0,CL4
351,54,F,Uni,0.96,-0.32,0.52,-0.7,CL5,CL1,CL1,CL1
352,37,M,CD,0.96,-0.32,1.02,-0.58,CL4,CL2,CL1,CL4
353,43,F,PD,0.96,-0.32,0.42,0.17,CL5,CL2,CL1,CL4
354,50,F,Uni,0.96,-0.32,-0.15,-0.7,CL1,CL1,CL1,CL1
355,25,F,L21,0.96,-0.32,-0.47,0.0,CL2,CL2,CL2,CL0
356,42,F,PD,0.96,-0.32,0.22,-0.15,CL2,CL1,CL1,CL2
357,27,F,B21,0.96,-0.32,0.63,0.0,CL6,CL1,CL2,CL3
358,48,F,Uni,0.96,-0.32,-1.19,-0.15,CL6,CL0,CL0,CL1
359,44,F,L21,0.96,-0.32,2.46,-1.23,CL3,CL3,CL1,CL1
360,35,F,CD,0.96,-0.32,0.42,-0.81,CL2,CL2,CL2,CL2
361,25,M,CD,0.96,-0.32,-0.58,1.58,CL5,CL2,CL2,CL2
362,49,M,Uni,0.96,-0.32,0.52,0.81,CL2,CL1,CL1,CL1
363,38,M,PD,0.96,-0.32,0.63,0.64,CL5,CL5,CL2,CL4
364,47,F,Uni,0.96,-0.32,0.42,0.32,CL2,CL1,CL1,CL2
365,48,M,PD,0.96,-0.32,1.23,-0.15,CL5,CL0,CL0,CL1
366,37,M,PhD,0.96,-0.32,0.42,-0.15,CL5,CL0,CL0,CL0
367,48,F,PD,0.96,-0.5,-0.15,0.0,CL5,CL0,CL0,CL1
368,42,M,Uni,0.96,-0.5,-1.05,0.48,CL0,CL0,CL0,CL0
369,51,M,Uni,0.96,-0.32,-1.19,0.48,CL5,CL0,CL0,CL5
370,26,F,PD,0.96,-0.32,-0.05,-0.95,CL6,CL1,CL0,CL0
371,28,M,Uni,0.96,-0.32,1.23,0.32,CL3,CL2,CL2,CL5
372,21,F,L23,0.25,-0.32,22,0.32,CL5,CL2,CL0,CL0
373,44,M,Uni,0.96,-0.32,22,2.32,CL5,CL0,CL0,CL3
374,21,M,CD,0.96,-0.32,22,0.96,CL8,CL2,CL2,CL0
375,46,F,Uni,0.96,-0.32,-0.35,-1.76,CL8,CL1,CL1,CL0
376,59,M,Msc,0.96,-0.32,-0.25,1.29,CL6,CL0,CL0,CL0
377,212,F,PD,0.96,-0.32,0.14,0.17,CL6,CL0,CL0,CL1
378,46,M,Msc,0.96,-0.32,-0.92,0.0,CL5,CL0,CL0,CL0
379,33,M,Uni,0.96,-0.32,-0.47,-0.58,CL5,CL0,CL0,CL0
380,33,F,Msc,-0.29,-0.32,0.83,-0.95,CL0,CL0,CL0,CL0
381,53,M,PD,0.96,-0.32,0.83,-0.44,CL6,CL0,CL0,CL0
382,41,F,Uni,0.96,-0.32,-0.47,1.11,CL2,CL2,CL2,CL2
383,37,F,L21,-0.29,-0.32,-0.35,-0.58,CL4,CL1,CL1,CL0
384,39,M,Msc,-0.29,-0.32,-0.79,0.17,CL5,CL0,CL0,CL0
385,47,M,Uni,0.96,-0.32,0.14,-0.3,CL5,CL0,CL0,CL0
386,51,M,Uni,0.96,-1.11,-0.25,0.17,CL1,CL0,CL0,CL0
387,34,F,PD,0.96,-0.32,-0.58,-0.44,CL5,CL0,CL2,CL0
388,54,F,L23,0.96,-0.32,-2.05,0.48,CL4,CL0,CL0,CL0
389,29,F,Uni,0.96,-1.11,-1.33,0.32,CL0,CL0,CL0,CL0
390,41,F,PD,0.96,-0.32,0.14,-0.3,CL3,CL0,CL0,CL0
391,30,F,PhD,0.96,-0.32,-0.58,0.32,CL5,CL0,CL0,CL0
392,39,M,CD,0.96,-0.32,-0.68,-0.44,CL2,CL0,CL1,CL3
393,26,M,Uni,0.96,-0.32,0.63,0.0,CL5,CL0,CL0,CL0
394,40,M,L22,0.96,-0.32,-0.47,0.32,CL5,CL0,CL0,CL0
395,27,M,PD,0.96,-0.32,-0.79,-0.15,CL6,CL0,CL0,CL0
396,33,F,PD,0.96,-0.32,-1.44,0.64,CL6,CL2,CL1,CL0
397,36,F,Uni,0.96,-0.32,0.22,1.29,CL6,CL1,CL1,CL1
398,36,M,Uni,0.96,-0.32,-1.87,0.64,CL6,CL0,CL0,CL0
399,48,F,PD,0.96,-0.32,0.14,0.48,CL6,CL0,CL0,CL0
400,32,M,Msc,0.96,-0.32,-0.79,0.32,CL6,CL0,CL0,CL0
401,49,F,Msc,0.96,-0.32,-0.92,1.29,CL1,CL1,CL1,CL0
402,25,M,L23,0.96,-0.32,-0.15,-0.15,CL4,CL0,CL0,CL0
403,50,F,L21,0.96,-0.32,0.14,-1.09,CL5,CL2,CL2,CL0
404,18,F,CD,0.96,-0.32,-0.92,-0.7,CL5,CL0,CL0,CL0
405,23,F,Uni,0.96,-0.32,-1.44,0.64,CL5,CL0,CL0,CL2
406,47,F,L22,0.96,-0.32,0.91,-0.15,CL3,CL1,CL1,CL1
407,20,M,B21,0.96,-0.32,0.14,1.58,CL5,CL3,CL2,CL3
408,49,M,Uni,0.96,-0.32,1.84,-0.95,CL3,CL1,CL0,CL0
409,41,F,L22,0.96,0.11,1.37,-0.15,CL6,CL1,CL1,CL2
410,25,F,Uni,0.96,-0.32,-0.68,0.17,CL3,CL1,CL1,CL1
411,38,M,PD,-0.57,-0.32,-1.55,0.81,CL1,CL1,CL0,CL2
412,54,F,L23,0.96,-0.32,1.02,-1.38,CL5,CL0,CL0,CL3
413,44,M,CD,-0.29,-0.32,-0.47,-1.51,CL3,CL1,CL1,CL1
414,28,M,Uni,0.96,-0.32,0.14,1.11,CL6,CL0,CL0,CL0
415,42,F,CD,0.96,-0.32,0.04,-0.15,CL5,CL0,CL0,CL2
416,42,M,CD,0.96,-0.32,-1.87,0.32,CL6,CL0,CL0,CL0
417,18,F,L23,0.96,-0.32,-0.58,-1.09,CL6,CL0,CL0,CL0
418,24,F,CD,0.96,-0.32,-0.05,-0.7,CL5,CL1,CL1,CL3
419,32,F,CD,0.96,-0.32,-0.79,0.96,CL5,CL0,CL0,CL0
420,34,M,PhD,0.96,-0.32,0.31,0.0,CL6,CL0,CL0,CL0
421,33,F,Uni,0.96,-0.32,0.63,0.17,CL6,CL1,CL0,CL0
422,24,F,L23,0.96,-0.32,0.31,0.81,CL4,CL0,CL0,CL0
423,31,F,CD,0.96,-0.32,0.31,-1.76,CL5,CL0,CL0,CL0
424,39,F,PD,0.96,-0.32,-0.79,-0.15,CL4,CL1,CL0,CL3
425,44,M,Uni,0.96,0.13,-1.05,0.81,CL6,CL0,CL0,CL0
426,54,M,PhD,-0.57,-0.32,0.52,0.0,CL3,CL0,CL0,CL1
427,35,F,Uni,0.96,-0.32,-0.35,-0.3,CL6,CL1,CL1,CL0
428,52,F,L21,0.96,-0.32,0.22,0.0,CL5,CL1,CL1,CL3
429,39,F,Uni,-0.29,-0.32,0.63,-0.81,CL6,CL0,CL0,CL1
430,28,M,L23,0.96,-0.32,-0.92,-0.15,CL5,CL2,CL1,CL3
431,30,F,B21,0.96,-0.32,0.22,-0.95,CL5,CL0,CL0,CL0
432,27,M,L23,0.96,-0.32,0.04,0.32,CL5,CL1,CL1,CL0
433,26,F,Uni,0.96,-0.32,-0.25,-0.3,CL5,CL0,CL0,CL0
434,53,M,L21,0.96,-0.32,0.22,1.94,CL6,CL0,CL0,CL0
435,19,M,Uni,0.96,-0.32,-0.15,0.96,CL5,CL0,CL0,CL0
436,32,M,Uni,0.96,-0.32,0.04,0.48,CL4,CL0,CL0,CL0
437,64,F,CD,-0.57,-0.32,-0.68,-0.3,CL1,CL1,CL0,CL0
438,50,F,L21,0.96,-0.32,-1.44,0.48,CL6,CL0,CL1,CL2
439,29,M,Uni,-0.57,-0.32,2.82,-0.44,CL5,CL0,CL0,CL6
440,19,M,CD,-0.57,-0.32,1.37,-0.3,CL4,CL0,CL0,CL0
441,37,M,Uni,0.96,-0.32,-0.47,0.48,CL6,CL1,CL1,CL0
442,18,M,CD,0.96,-0.32,-0.68,1.45,CL3,CL0,CL0,CL0
443,32,M,Msc,0.96,-0.32,-0.92,0.0,CL5,CL0,CL0,CL0
444,36,F,L21,0.96,-0.32,0.42,0.64,CL5,CL0,CL0,CL0
445,5O,M,PD,0.96,-0.32,-0.47,0.81,CL5,CL0,CL1,CL0
446,53,M,Uni,0.96,-0.32,1.02,-0.95,CL5,CL0,CL1,CL0
447,25,M,Uni,0.96,-0.32,0.22,-1.09,CL6,CL0,CL0,CL2
448,28,F,Msc,0.96,-0.32,0.04,-0.15,CL6,CL0,CL1,CL0
449,22,M,CD,0.96,-0.32,1.13,1.45,CL5,CL1,CL1,CL3
450,23,F,Uni,0.96,-0.32,-0.35,0.64,CL5,CL0,CL0,CL0
451,21,M,Uni,0.96,-0.32,0.74,-0.15,CL5,CL0,CL0,CL2
452,20,M,Msc,0.96,-0.32,-1.19,0.81,CL5,CL0,CL0,CL0
453,41,M,Uni,0.96,-0.32,-0.15,-0.15,CL5,CL0,CL0,CL0
454,28,F,Uni,0.96,-0.32,1.23,-1.76,CL5,CL0,CL0,CL0
455,49,F,PhD,0.96,-0.32,-0.15,-0.58,CL6,CL6,CL2,CL5
456,20,M,Uni,0.96,-0.32,0.83,-0.81,CL6,CL3,CL3,CL0
457,41,F,Uni,0.96,-0.32,1.6,-0.44,CL6,CL3,CL1,CL4
458,43,M,Msc,0.96,-0.32,-0.47,-0.58,CL5,CL0,CL0,CL0
459,19,M,Uni,0.96,-0.32,0.63,0.0,CL6,CL4,CL2,CL0
460,31,F,Msc,0.96,-0.32,0.91,1.29,CL4,CL3,CL0,CL0
461,20,M,Uni,0.96,-0.32,1.23,-1.38,CL6,CL3,CL3,CL4
462,18,F,CD,0.96,-0.32,1.49,-1.38,CL5,CL0,CL2,CL0
463,42,F,CD,0.96,-0.32,0.83,0.48,CL3,CL2,CL2,CL1
464,47,F,L23,0.96,-0.32,1.02,-0.95,CL6,CL1,CL2,CL0
465,22,M,Uni,0.96,-0.32,0.31,-0.81,CL5,CL2,CL2,CL3
466,22,M,Msc,0.96,-0.32,1.37,-1.09,CL5,CL0,CL2,CL0
467,24,M,Uni,0.96,-0.5,0.31,0.64,CL0,CL2,CL0,CL2
468,53,F,Uni,0.96,-0.32,0.22,0.0,CL6,CL1,CL1,CL0
469,36,F,Uni,0.96,-0.32,-0.05,0.17,CL6,CL0,CL0,CL0
470,30,F,Uni,0.96,-0.32,-1.19,1.74,CL5,CL3,CL2,CL0
471,51,M,L21,-0.57,-0.32,2.82,-1.63,CL3,CL1,CL1,CL6
472,24,M,Uni,0.96,-0.32,0.14,0.81,CL4,CL0,CL0,CL0
473,18,F,Msc,0.96,-0.22,-0.92,2.57,CL5,CL2,CL2,CL2
474,20,M,B21,0.96,-0.32,0.31,0.0,CL5,CL2,CL2,CL2
475,35,M,CD,-0.57,-0.32,1.37,0.0,CL2,CL0,CL0,CL3
476,60,M,Uni,0.96,0.13,-0.25,0.96,CL6,CL0,CL0,CL0
477,53,M,Uni,-0.57,-0.32,-1.19,0.96,CL3,CL1,CL0,CL0
478,36,F,Uni,0.96,-0.32,1.72,-0.95,CL6,CL0,CL0,CL0
479,44,M,PD,0.96,-0.32,1.49,-0.7,CL6,CL0,CL1,CL6
480,34,M,Uni,0.96,-0.32,0.42,0.81,CL6,CL0,CL0,CL0
481,32,M,Msc,-0.1,-0.32,0.42,-0.44,CL6,CL0,CL0,CL2
482,22,F,CD,-0.57,-0.32,1.13,-0.81,CL3,CL3,CL0,CL3
483,36,M,Uni,-0.1,-0.32,1.02,0.17,CL6,CL2,CL1,CL6
484,43,F,CD,0.96,-0.32,-0.68,-0.15,CL0,CL1,CL0,CL0
485,26,M,Uni,0.96,-0.32,1.23,0.48,CL2,CL0,CL2,CL2
486,36,M,L21,0.96,-0.32,-0.58,0.96,CL4,CL1,CL1,CL0
487,51,M,L21,0.96,-0.32,-0.47,0.32,CL6,CL0,CL1,CL0
488,27,F,L23,-0.29,-0.32,1.49,-1.63,CL5,CL5,CL0,CL2
489,37,M,L23,-0.57,-0.32,1.84,-1.76,CL4,CL0,CL0,CL6
490,26,F,L21,0.96,-0.32,0.42,-1.38,CL6,CL3,CL2,CL2
491,20,F,B21,0.96,-0.32,1.98,-1.38,CL3,CL0,CL0,CL0
492,20,F,CD,0.96,-0.32,-1.05,1.11,CL5,CL0,CL0,CL0
493,47,M,PD,0.96,-0.32,0.63,0.81,CL5,CL1,CL1,CL1
494,19,F,L23,0.96,-0.32,-0.92,0.48,CL6,CL2,CL2,CL0
495,18,F,PD,0.96,-0.32,0.52,-0.58,CL5,CL0,CL4,CL4
496,22,F,CD,0.96,-0.32,0.74,-1.63,CL6,CL0,CL0,CL0
497,21,F,PD,-0.29,0.11,-1.19,-0.44,CL4,CL0,CL2,CL0
498,59,F,CD,-0.57,-0.32,-0.79,0.17,CL3,CL1,CL0,CL1
499,33,F,Msc,0.96,-0.32,0.04,1.29,CL6,CL2,CL2,CL2
500,34,F,L21,-0.29,-0.32,-0.05,-0.58,CL4,CL1,CL1,CL0
501,56,M,CD,0.96,-0.32,1.37,-0.7,CL5,CL1,CL1,CL3
502,38,M,PD,0.21,-0.32,0.04,0.48,CL3,CL0,CL1,CL2
503,31,M,PD,0.96,-0.32,-0.58,-0.15,CL3,CL1,CL0,CL0
504,24,F,CD,-0.57,-0.32,-1.55,0.64,CL5,CL0,CL0,CL0
505,59,M,PD,0.25,-0.32,0.04,-0.3,CL1,CL0,CL1,CL4
506,44,F,LX,0.96,-0.32,-0.05,0.0,CL1,CL0,CL0,CL0
507,49,F,DL,-0.29,-0.32,0.42,0.48,D8,CL1,CL0,CL3
508,37,F,Uni,0.96,-0.32,-0.47,0.64,D8,CL2,CL3,CL1
509,34,F,Uni,0.96,-0.32,0.14,-0.3,CL3,CL2,CL3,CL0
510,43,F,L21,0.96,-0.32,1.49,-1.09,CL5,CL2,CL2,CL3
511,35,M,Msc,-0.29,-0.32,-1.05,1.11,CL5,CL0,CL0,CL0
512,40,F,Uni,0.96,-0.32,0.04,0.96,CL5,CL2,CL2,CL0
513,46,M,Msc,0.96,-0.32,0.42,0.48,CL5,CL1,CL1,CL1
514,22,F,CD,0.96,-0.32,0.42,0.48,CL6,CL3,CL0,CL0
515,62,F,L21,-0.57,-0.32,-0.15,-0.3,CL3,CL2,CL1,CL1
516,42,F,L21,0.96,-0.32,0.91,-0.3,CL6,CL0,CL0,CL0
517,21,M,L22,-0.57,-0.32,-1.44,1.94,CL5,CL3,CL0,CL5
518,42,M,L21,0.96,-0.32,-0.15,0.17,CL6,CL2,CL2,CL2
519,26,M,Msc,0.96,-0.32,0.31,-0.15,CL2,CL0,CL2,CL3
520,31,F,PD,-0.29,-0.32,0.52,-0.58,CL2,CL3,CL2,CL6
521,26,F,Msc,0.96,-0.32,-0.15,0.32,CL5,CL2,CL2,CL4
522,36,M,Uni,0.96,-0.32,0.22,-0.3,CL5,CL0,CL2,CL0
523,46,M,LX,-0.1,-0.32,0.63,-0.3,CL3,CL0,CL0,CL6
524,20,F,CX,-0.57,-0.32,0.04,0.32,CL5,CL0,CL0,CL0
525,19,F,CX,0.96,-0.32,-0.25,0.48,CL5,CL0,CL0,CL0
526,36,M,B21,0.96,-0.32,0.14,-0.81,CL2,CL2,CL2,CL2
527,47,M,Uni,-0.1,-0.32,-0.68,0.64,CL5,CL1,CL1,CL6
528,55,F,L23,0.96,-0.32,-1.87,0.48,CL6,CL0,CL0,CL0
529,19,F,PD,0.96,-0.32,0.91,-1.38,CL4,CL0,CL2,CL0
530,43,F,PhD,0.96,-0.32,0.63,-0.15,CL6,CL0,CL0,CL0
531,25,M,PD,0.96,-0.32,0.74,1.11,CL5,CL2,CL2,CL1
532,59,F,Uni,0.96,-0.32,0.91,0.0,CL5,CL0,CL0,CL0
533,52,F,Uni,0.96,-0.32,1.02,-1.51,CL5,CL2,CL1,CL2
534,23,M,Uni,0.96,-0.32,-0.25,0.17,CL4,CL0,CL0,CL2
535,29,F,Msc,0.96,-0.32,-0.35,-0.15,CL4,CL0,CL0,CL0
536,44,M,Msc,0.96,-0.32,-1.87,2.32,CL6,CL0,CL0,CL0
537,27,M,Uni,-0.57,-0.32,0.91,0.0,CL5,CL4,CL0,CL6
538,23,M,Uni,0.96,-0.32,1.37,0.81,CL6,CL0,CL3,CL0
539,49,M,CD,0.96,-0.5,0.74,-0.3,CL0,CL0,CL0,CL0
540,41,M,Uni,0.96,-0.32,1.13,-0.3,CL6,CL0,CL0,CL0
541,48,F,Msc,0.96,-0.32,-1.33,1.29,CL6,CL0,CL0,CL1
542,49,M,Uni,0.96,-0.32,-1.05,0.32,CL5,CL0,CL0,CL2
543,52,M,Uni,-0.29,-1.11,0.22,0.81,CL4,CL0,CL0,CL0
544,43,F,L22,0.96,-0.32,0.74,0.81,CL6,CL1,CL1,CL5
545,27,M,Uni,0.96,-0.32,0.83,0.64,CL6,CL0,CL0,CL0
546,18,M,L21,0.96,-0.32,1.23,-0.58,CL5,CL0,CL2,CL0
547,40,M,PD,0.96,-0.32,1.6,0.17,CL5,CL0,CL0,CL2
548,51,M,CD,-0.57,-0.32,-0.92,-0.44,CL2,CL2,CL0,CL2
549,25,M,Msc,0.96,-0.32,-1.87,-0.7,CL5,CL0,CL0,CL0
550,20,F,Uni,0.96,-0.32,1.23,-0.44,CL4,CL0,CL0,CL0
551,30,M,Msc,-0.29,-0.32,-1.19,1.11,CL4,CL0,CL0,CL0
552,21,M,Uni,0.96,-0.32,-0.15,-0.44,CL6,CL0,CL0,CL0
553,39,M,Msc,0.96,-0.32,-0.79,1.29,CL4,CL2,CL1,CL0
554,20,M,Msc,0.96,-0.32,1.72,-1.51,CL2,CL0,CL0,CL0
555,32,M,Msc,-0.29,-0.22,1.02,-1.92,CL6,CL0,CL0,CL0
556,25,M,PhD,0.96,-0.32,0.63,0.48,CL4,CL0,CL0,CL0
557,54,M,Msc,0.96,-0.32,0.22,-0.95,CL6,CL0,CL0,CL0
558,20,M,Uni,0.96,-0.32,-0.15,-0.3,CL6,CL2,CL2,CL0
559,25,M,Uni,0.96,-0.32,-1.69,0.96,CL4,CL0,CL0,CL0
560,20,M,Uni,0.96,-0.32,-0.47,-0.15,CL5,CL2,CL2,CL0
561,47,M,Uni,0.96,-0.32,-0.79,0.0,CL6,CL1,CL1,CL0
562,18,M,Uni,0.96,-0.32,1.02,0.17,CL6,CL0,CL0,CL0
563,42,M,Uni,0.96,-0.32,0.63,0.64,CL5,CL1,CL0,CL3
564,39,M,Msc,0.96,Nan,2.61,0.48,CL6,CL0,CL1,CL1
565,33,M,Msc,0.96,-0.32,0.83,0.32,CL5,CL0,CL3,CL2
566,46,M,CD,0.96,-0.32,-0.47,-0.44,CL2,CL6,CL0,CL0
567,48,M,Msc,0.96,-0.32,0.31,-0.81,CL5,CL0,CL0,CL1
568,21,M,Uni,0.96,-0.32,0.91,1.11,CL5,CL2,CL2,CL2
569,18,F,Uni,0.96,-0.32,1.84,0.64,CL6,CL0,CL2,CL0
570,38,F,Msc,0.96,-0.32,1.02,-0.81,CL1,CL0,CL0,CL0
571,41,M,PhD,0.96,-0.32,-0.35,0.81,CL6,CL0,CL0,CL0
572,40,M,PD,-0.1,-0.32,0.22,1.11,CL6,CL0,CL0,CL0
573,22,M,Msc,0.96,-0.32,-1.69,1.94,CL6,CL0,CL0,CL0
574,44,F,PD,0.96,-0.32,1.23,-1.23,CL6,CL1,CL1,CL1
575,64,M,CD,-0.57,-0.32,-0.92,0.96,CL5,CL0,CL0,CL2
576,40,M,Uni,0.96,-0.32,2.13,-1.51,CL6,CL1,CL0,CL0
577,36,F,L21,0.96,-0.32,-1.87,0.81,CL5,CL0,CL0,CL0
578,29,M,Msc,0.96,0.11,0.83,0.32,CL4,CL0,CL0,CL0
579,26,M,Uni,0.96,-0.32,1.02,0.81,CL4,CL0,CL0,CL0
580,53,M,Msc,0.96,-0.32,1.02,-0.15,CL6,CL1,CL0,CL2
581,23,M,Msc,0.96,-0.32,-0.15,0.81,CL5,CL0,CL2,CL0
582,36,M,CD,0.96,-0.32,-1.19,0.0,CL6,CL1,CL1,CL1
583,23,F,CD,0.96,-0.32,-0.92,1.58,CL6,CL0,CL4,CL0
584,36,M,PD,0.96,-0.32,0.31,1.29,CL6,CL0,CL0,CL0
585,23,M,CD,-0.57,-0.32,0.63,0.0,CL5,CL0,CL0,CL3
586,34,F,Uni,0.96,-0.32,-0.25,0.17,CL2,CL0,CL2,CL0
587,20,F,PD,0.96,-0.32,0.74,-0.58,CL2,CL0,CL0,CL0
588,24,F,CD,0.96,-0.32,0.31,0.32,CL5,CL5,CL2,CL4
589,30,M,L21,0.96,-0.32,-0.47,1.58,CL5,CL3,CL1,CL3
590,61,M,CD,-0.57,-0.32,-1.33,-0.15,CL2,CL1,CL0,CL1
591,40,F,B21,0.96,-0.32,-0.58,0.0,CL3,CL3,CL2,CL1
592,35,M,Uni,0.96,-0.32,0.42,-0.44,CL6,CL0,CL0,CL1
593,43,M,PD,-0.57,-0.32,-2.76,0.96,CL5,CL0,CL0,CL0
594,25,F,PD,-0.29,-0.22,-0.05,0.96,CL5,CL0,CL3,CL0
595,37,F,L21,0.96,-0.32,-0.35,-0.58,CL5,CL2,CL3,CL4
596,49,F,PD,-0.29,-0.32,0.31,0.17,CL6,CL1,CL1,CL2
597,20,F,L21,0.96,-0.32,-1.44,0.81,CL5,CL2,CL0,CL0
598,60,M,PD,0.25,-0.32,-0.35,-0.44,CL1,CL6,CL1,CL2
599,49,M,PD,-0.57,-0.32,0.04,0.17,CL5,CL4,CL0,CL2
600,21,F,CD,0.96,-0.32,0.52,-0.15,CL4,CL6,CL2,CL0
601,45,M,Msc,0.96,-0.32,0.74,-0.58,CL6,CL5,CL0,CL0
602,24,F,CD,-0.57,-0.32,1.02,1.11,CL4,CL3,CL0,CL0
603,24,F,CD,-0.57,-0.32,0.52,-1.63,CL6,CL6,CL0,CL0
604,22,F,CD,-0.57,-0.32,1.98,-0.95,CL6,CL5,CL0,CL2
605,28,F,Uni,-0.57,-0.32,-0.68,-0.81,CL5,CL5,CL0,CL2
606,38,M,CD,-0.57,-0.32,0.42,0.32,CL5,CL0,CL0,CL5
607,63,M,Msc,-0.57,-0.32,-2.52,1.11,CL5,CL6,CL1,CL2
608,18,F,Uni,0.96,-0.32,-0.47,0.0,CL5,CL6,CL0,CL0
609,54,F,CD,-0.57,-0.32,-0.05,0.0,CL2,CL5,CL0,CL0
610,28,F,Uni,0.96,-0.32,-1.69,1.29,CL6,CL3,CL4,CL4
611,55,M,PD,0.25,-0.32,1.23,-0.81,CL4,CL4,CL0,CL1
612,32,F,CD,0.96,-0.32,-0.92,0.96,CL6,CL5,CL2,CL0
613,32,F,Uni,0.96,-0.32,-0.68,0.32,CL5,CL5,CL0,CL0
614,39,F,Uni,0.96,-0.32,-1.19,0.17,CL1,CL2,CL1,CL1
615,33,M,Msc,0.96,-0.32,1.98,-0.3,CL6,CL3,CL2,CL5
616,26,M,B21,-0.57,-0.32,-0.25,0.64,CL3,CL2,CL0,CL3
617,35,M,Msc,0.96,-0.32,0.14,-0.15,CL6,CL0,CL0,CL1
618,45,M,CD,-0.57,-0.32,1.02,0.17,CL2,CL6,CL1,CL6
619,50,F,PD,0.21,-0.32,-0.92,1.29,CL3,CL2,CL2,CL3
620,34,M,Uni,0.96,-0.32,-0.05,1.11,CL5,CL0,CL2,CL0
621,56,F,Msc,0.96,-0.32,-0.68,-0.95,CL5,CL0,CL0,CL0
622,18,F,L23,0.96,-0.32,0.52,-1.38,CL5,CL0,CL0,CL0
623,37,F,Msc,0.96,-0.32,-0.92,0.64,CL5,CL0,CL1,CL0
624,35,M,Msc,0.96,-0.32,-0.15,0.48,CL5,CL0,CL0,CL0
625,48,M,Msc,0.96,-0.32,-0.35,0.0,CL6,CL0,CL1,CL0
626,44,M,PhD,0.96,-0.32,0.04,0.0,CL6,CL0,CL0,CL1
627,41,M,PD,0.96,-0.32,-0.35,-0.58,CL6,CL1,CL0,CL0
628,38,F,Uni,0.96,-0.32,-0.05,-0.44,CL6,CL1,CL2,CL0
629,44,F,PhD,0.96,-0.32,-1.69,-0.95,CL5,CL1,CL1,CL2
630,34,M,PhD,0.96,-0.32,1.23,-1.09,CL5,CL0,CL0,CL0
631,49,M,PhD,0.96,-0.22,-0.47,0.48,CL5,CL0,CL0,CL1
632,35,M,PhD,0.96,-0.32,0.52,-0.3,CL6,CL1,CL0,CL0
633,20,M,Uni,0.96,-0.32,0.42,-0.15,CL5,CL0,CL0,CL0
634,23,M,Uni,0.96,-0.32,1.23,-0.44,CL5,CL0,CL2,CL0
635,26,M,Msc,0.96,-0.32,-0.68,1.74,CL5,CL0,CL2,CL2
636,36,M,PhD,0.96,-0.32,1.23,0.17,CL6,CL3,CL3,CL6
637,39,F,Uni,0.96,-0.32,-0.79,-0.3,CL5,CL2,CL2,CL2
638,51,M,Uni,0.96,-0.32,-0.68,0.32,CL4,CL0,CL0,CL0
639,36,M,PD,0.25,-0.32,-0.35,0.17,CL4,CL0,CL0,CL0
640,23,M,Uni,0.96,-0.32,-0.25,-0.58,CL5,CL0,CL0,CL0
641,29,F,L21,0.96,-0.32,-0.25,1.74,CL5,CL1,CL2,CL3
642,52,F,Uni,0.96,-0.32,-0.15,-0.7,CL5,CL0,CL0,CL0
643,44,F,Msc,0.96,-0.32,-0.68,0.96,CL5,CL1,CL1,CL0
644,26,M,Msc,0.96,-1.11,-1.05,0.64,CL5,CL0,CL0,CL0
645,29,F,CD,0.96,-0.32,0.22,-0.3,CL5,CL3,CL3,CL0
646,54,F,Uni,0.96,-0.32,0.04,-0.3,CL5,CL0,CL0,CL0
647,23,M,Uni,0.96,-0.32,-0.47,-0.15,CL5,CL0,CL0,CL0
648,20,F,CD,-0.57,-0.32,-1.44,1.45,CL6,CL0,CL0,CL3
649,38,M,Msc,-0.57,-0.32,1.13,0.17,CL6,CL2,CL6,CL3
650,33,M,Uni,0.96,-0.32,-0.15,0.81,CL5,CL2,CL4,CL0
651,52,M,Msc,0.96,-0.32,-0.47,2.13,CL5,CL2,CL6,CL4
652,26,F,Msc,0.96,-0.32,0.63,0.48,CL5,CL0,CL5,CL0
653,22,F,CD,-0.1,-0.32,1.02,1.29,CL5,CL5,CL3,CL4
654,19,F,CD,-0.57,-0.32,-0.68,0.64,CL6,CL0,CL6,CL0
655,39,M,L21,0.96,-0.32,-0.35,0.96,CL5,CL0,CL5,CL0
656,25,F,Msc,-0.29,0.11,-0.47,1.74,CL5,CL0,CL5,CL2
657,47,F,Uni,0.528405215646941,-0.32,-0.47,-0.58,CL4,CL0,CL0,CL0
658,53,F,Uni,0.96,-0.32,1.13,-1.38,CL5,CL1,CL6,CL1
659,20,F,Msc,0.96,-0.32,0.63,0.17,CL5,CL0,CL6,CL0
660,33,F,PhD,0.21,-0.32,-0.79,1.45,CL5,CL3,CL5,CL0
661,26,M,Msc,0.96,-1.11,-1.33,0.48,CL6,CL0,CL3,CL0
662,20,M,Uni,0.96,-0.32,-0.25,-1.09,CL6,CL0,CL4,CL0
663,33,M,Uni,0.96,-0.32,0.04,0.17,CL5,CL0,CL5,CL0
664,27,M,PhD,0.96,-0.32,1.23,-1.23,CL6,CL1,CL5,CL3
665,24,F,Uni,0.96,-0.32,-0.35,-0.44,CL5,CL0,CL2,CL0
666,31,M,PhD,0.96,-0.32,1.13,-0.44,CL6,CL2,CL2,CL0
667,23,F,L23,0.96,-0.32,-2.05,-0.3,CL3,CL0,CL0,CL0
668,38,F,CD,0.96,-0.32,0.91,-0.7,CL4,CL2,CL1,CL6
669,52,F,Uni,0.96,-0.32,-1.69,2.13,CL5,CL0,CL1,CL0
670,26,F,CD,0.96,-0.32,-0.58,0.96,CL6,CL0,CL3,CL5
671,21,F,PD,0.96,-0.32,-0.35,0.17,CL5,CL0,CL3,CL0
672,36,F,PD,0.96,-0.32,-0.47,0.81,CL2,CL1,CL1,CL0
673,23,F,Uni,0.96,-0.32,-0.25,0.0,CL2,CL0,CL0,CL0
674,23,M,CD,0.96,-0.32,1.23,1.11,CL5,CL0,CL0,CL0
675,24,M,Msc,0.96,-0.5,0.83,-0.7,CL3,CL0,CL0,CL3
676,35,F,PD,0.96,-0.32,-0.05,-0.3,CL3,CL2,CL1,CL0
677,21,F,PD,0.96,-0.32,0.22,0.0,CL3,CL0,CL0,CL0
678,33,F,Uni,0.96,-0.32,0.52,-0.3,CL6,CL2,CL2,CL0
679,24,F,CD,0.96,-0.32,2.29,-2.11,CL0,CL0,CL0,CL0
680,21,M,CD,0.96,-0.32,0.63,-0.3,CL5,CL4,CL3,CL3
681,53,F,PhD,0.96,-0.32,0.22,-0.81,CL6,CL6,CL1,CL3
682,38,F,CD,0.96,-0.32,-1.33,0.0,CL6,CL0,CL2,CL3
683,28,F,Msc,0.96,-0.32,1.37,-1.76,CL6,CL0,CL0,CL0
684,41,M,Uni,0.96,-0.32,0.52,-0.15,CL3,CL2,CL2,CL2
685,40,M,PD,0.96,-0.32,0.91,-0.7,CL4,CL0,CL0,CL6
686,32,F,Uni,-0.1,-0.32,-0.35,0.17,CL6,CL5,CL3,CL5
687,20,M,CD,0.25,-0.32,1.6,0.96,CL5,CL0,CL0,CL0
688,54,M,B21,-0.1,-0.32,-0.92,0.64,CL4,CL1,CL0,CL2
689,40,F,CD,-0.57,-0.32,1.02,1.11,CL2,CL2,CL1,CL3
690,58,M,Msc,0.96,-0.32,0.83,-0.7,CL6,CL1,CL0,CL1
691,61,F,CD,0.96,-0.32,0.42,-0.7,CL6,CL0,CL0,CL2
692,27,M,Uni,0.96,-0.32,-0.15,-0.15,CL4,CL0,CL0,CL0
693,49,M,Msc,0.96,-0.32,0.22,-0.7,CL6,CL0,CL0,CL0
694,42,F,Msc,0.96,-0.32,-1.19,-0.3,CL6,CL1,CL0,CL0
695,41,F,PD,0.96,-0.32,-0.92,-0.58,CL5,CL1,CL1,CL0
696,35,M,Msc,0.96,-0.32,-0.15,-0.44,CL6,CL0,CL0,CL0
697,62,F,Uni,0.96,-0.32,-0.79,0.32,CL5,CL1,CL1,CL0
698,53,M,Uni,0.25,0.11,-1.69,-0.3,CL4,CL0,CL0,CL0
699,44,F,Uni,-0.57,-0.32,-0.05,-0.95,CL6,CL5,CL0,CL3
700,60,F,CD,0.96,-0.32,-0.15,-1.09,CL6,CL2,CL2,CL0
701,39,M,CD,-0.29,-0.32,0.91,0.17,CL5,CL2,CL0,CL2
702,50,F,B21,0.96,-0.32,-1.05,1.11,CL1,CL1,CL1,CL2
703,35,M,Uni,0.96,-0.32,-0.35,0.64,CL3,CL1,CL2,CL2
704,57,F,Uni,0.96,-0.32,-1.44,0.81,CL6,CL0,CL0,CL0
705,43,F,CD,-0.57,-0.32,-0.79,-0.3,CL6,CL1,CL1,CL1
706,23,F,CD,0.96,-0.32,-1.44,0.32,CL3,CL2,CL2,CL2
707,21,M,Uni,0.96,-0.32,-0.15,-0.95,CL4,CL0,CL0,CL0
708,31,F,Uni,0.96,-0.32,-0.05,1.94,CL5,CL2,CL2,CL0
709,20,F,CD,0.96,-0.32,0.42,-0.58,CL5,CL0,CL3,CL0
710,19,F,PD,0.96,-0.32,-0.92,-0.3,CL3,CL0,CL0,CL0
711,24,F,Uni,0.96,-0.32,0.91,0.17,CL5,CL2,CL3,CL2
712,23,F,CD,-0.57,-0.32,-0.58,-0.15,CL3,CL0,CL0,CL6
713,34,M,Msc,0.96,-0.32,0.52,0.32,CL4,CL3,CL0,CL2
714,18,F,Uni,-0.57,-0.32,0.52,0.81,CL6,CL5,CL2,CL0
715,21,F,PD,0.96,-0.32,0.74,1.11,CL5,CL0,CL0,CL0
716,18,M,CD,-0.57,-0.32,0.63,0.48,CL5,CL3,CL0,CL6
717,22,F,CD,0.96,-0.32,-0.05,-1.51,CL3,CL0,CL0,CL3
718,37,F,Uni,-0.57,-0.32,-0.79,-0.81,CL5,CL1,CL0,CL4
719,22,F,L21,-0.29,-0.32,-0.05,-1.23,CL5,CL2,CL0,CL0
720,62,F,Uni,0.96,-0.32,-0.35,-0.95,CL5,CL1,CL2,CL0
721,43,F,CD,0.96,-0.32,1.23,0.81,CL6,CL4,CL3,CL5
722,43,M,PD,0.96,-0.32,1.6,-0.7,CL4,CL2,CL1,CL0
723,59,F,PD,0.96,-0.32,-0.05,-0.3,CL1,CL1,CL0,CL1
724,32,M,Uni,0.96,-0.32,-0.92,1.45,CL5,CL0,CL0,CL0
725,44,M,CD,0.96,-0.32,1.13,-0.58,CL4,CL3,CL0,CL1
726,26,M,Msc,0.96,-0.32,0.31,0.64,CL5,CL2,CL3,CL3
727,20,F,PD,0.96,-0.32,2.29,-0.95,CL6,CL0,CL3,CL0
728,27,M,Msc,0.96,-0.22,0.31,0.64,CL5,CL0,CL0,CL0
729,23,F,CD,0.25,-0.32,-1.44,0.17,CL4,CL0,CL0,CL0
730,34,M,L21,-0.1,-0.32,-0.58,0.32,CL6,CL2,CL2,CL2
731,42,M,Uni,0.96,-0.32,0.74,0.0,CL5,CL1,CL1,CL0
732,20,F,CD,0.96,-0.32,-0.79,1.29,CL4,CL4,CL2,CL0
733,22,M,Uni,0.96,-0.32,1.23,0.64,CL6,CL0,CL2,CL0
734,43,F,L21,0.96,0.13,0.63,0.17,CL5,CL2,CL2,CL3
735,19,F,CD,0.96,-0.32,0.74,1.11,CL6,CL3,CL3,CL3
736,26,M,Uni,0.96,-0.32,0.22,2.13,CL4,CL3,CL2,CL3
737,33,F,Uni,0.96,-0.32,-0.47,-1.76,CL6,CL2,CL5,CL0
738,34,F,Uni,0.96,-0.32,-1.05,1.74,CL5,CL2,CL0,CL0
739,21,M,Uni,0.528405215646941,-0.32,-0.47,1.74,CL4,CL0,CL0,CL3
740,29,F,Msc,-0.29,-0.32,-0.05,-1.38,CL6,CL2,CL0,CL0
741,44,F,CD,0.96,-0.32,-1.33,0.17,CL5,CL3,CL2,CL3
743,49,M,Msc,0.96,-0.32,0.83,-0.3,CL6,CL1,CL0,CL1
744,40,M,Uni,0.96,-0.32,1.74,0.05429718875502009,CL5,CL0,CL1,CL2
745,31,F,L21,0.96,-0.32,-0.35,0.0,CL1,CL0,CL0,CL0
746,52,F,CD,0.96,-0.32,-0.92,0.17,CL5,CL0,CL0,CL0
747,25,M,L21,0.96,-0.32,0.74,0.32,CL6,CL0,CL0,CL0
748,25,M,Msc,0.96,-0.32,-0.05,0.48,CL4,CL0,CL2,CL2
749,41,M,L21,0.96,-0.32,0.42,-0.58,CL2,CL6,CL2,CL3
750,43,M,PhD,0.96,-0.32,-1.69,0.96,CL5,CL0,CL0,CL0
751,37,F,Msc,0.96,-0.32,-0.15,0.0,CL5,CL0,CL1,CL1
752,29,M,PD,0.96,-0.32,-2.34,1.45,CL6,CL2,CL0,CL0
753,27,F,CD,-0.29,-0.32,1.6,-0.3,CL6,CL3,CL0,CL5
754,28,M,Msc,0.96,-0.32,0.42,1.11,CL5,CL2,CL2,CL0
755,28,F,PhD,0.96,-0.32,-0.92,0.48,CL4,CL1,CL1,CL2
756,21,F,CD,-0.57,-0.32,-1.44,1.58,CL5,CL4,CL3,CL3
757,24,M,Msc,0.96,0.13,0.63,0.32,CL5,CL0,CL2,CL0
758,22,M,CD,0.21,-0.32,2.29,-0.44,CL6,CL6,CL0,CL0
759,22,F,CD,-0.57,-0.32,0.42,0.64,CL3,CL3,CL0,CL5
760,19,F,PhD,0.96,-0.32,-2.76,1.74,CL6,CL0,CL2,CL2
761,34,F,Uni,0.25,-0.32,0.04,-0.95,CL6,CL2,CL2,CL2
762,19,F,CD,-0.57,-0.32,1.72,0.32,CL6,CL0,CL0,CL0
763,31,M,Uni,-0.1,-0.32,-1.33,0.81,CL6,CL6,CL2,CL4
764,21,M,Uni,0.96,-0.32,1.13,0.81,CL5,CL0,CL0,CL2
765,19,F,L21,0.96,-0.32,0.42,-0.95,CL5,CL0,CL2,CL0
766,18,F,CD,-0.57,-0.32,0.63,0.17,CL4,CL2,CL3,CL2
767,23,F,CD,-0.57,-0.32,1.02,-0.81,CL6,CL3,CL0,CL6
768,30,F,Msc,-0.47,-0.32,0.83,-0.7,CL6,CL2,CL3,CL6
769,18,M,PD,-0.57,0.11,-0.35,0.64,CL4,CL6,CL0,CL6
770,29,F,Uni,-0.1,-0.32,1.02,0.17,CL6,CL2,CL2,CL3
771,23,F,CD,-0.57,-0.32,0.63,-1.63,CL3,CL3,CL0,CL0
772,18,M,Msc,0.96,-0.5,0.52,-1.38,CL0,CL0,CL0,CL0
773,51,F,Uni,0.96,-0.32,1.23,-1.38,CL6,CL5,CL3,CL3
774,47,M,PD,0.25,-0.32,1.02,-1.23,CL1,CL1,CL0,CL6
775,21,F,L23,-0.29,-0.32,-1.19,-0.44,CL4,CL2,CL0,CL2
776,22,M,CD,-0.29,-0.32,-1.69,0.48,CL4,CL0,CL0,CL0
777,30,F,CD,-0.57,-0.32,0.14,-0.44,CL3,CL6,CL0,CL6
778,19,F,CD,-0.57,0.13,0.52,0.64,CL6,CL4,CL0,CL6
779,20,F,CD,0.25,-0.32,1.98,0.0,CL4,CL6,CL0,CL5
780,47,F,L23,0.96,-0.32,-2.22,1.11,CL5,CL3,CL1,CL0
781,22,M,PD,-0.57,-0.32,1.02,-2.11,CL4,CL3,CL0,CL0
782,39,F,PD,-0.57,-0.32,1.02,-0.95,CL6,CL0,CL0,CL5
783,24,F,CD,-0.57,0.11,1.13,-1.23,CL3,CL3,CL0,CL2
784,19,M,CD,-0.57,-0.32,0.83,-0.44,CL6,CL3,CL0,CL3
785,19,M,CD,-0.57,-0.32,-0.25,0.48,CL6,CL5,CL0,CL4
786,22,F,Msc,-0.57,-0.32,1.37,-0.81,CL4,CL2,CL0,CL3
787,20,F,PD,-0.29,-0.32,-0.58,0.0,CL3,CL3,CL2,CL3
788,35,F,PD,-0.29,-0.32,0.83,-0.58,CL6,CL1,CL2,CL1
789,23,F,PD,0.96,-0.32,-1.69,1.29,CL5,CL0,CL2,CL0
790,18,F,CD,0.96,-0.32,-2.05,0.17,CL3,CL0,CL0,CL0
791,22,F,Uni,-0.1,-0.32,-0.15,-0.44,CL5,CL3,CL5,CL3
792,23,F,CD,-0.57,-0.32,1.74,0.05429718875502009,CL5,CL3,CL4,CL3
793,21,F,CD,-0.29,-0.32,0.83,0.64,CL5,CL5,CL3,CL3
794,30,F,CD,0.96,-0.32,0.04,2.13,CL5,CL2,CL3,CL0
795,28,F,Uni,0.96,-0.32,-0.05,-0.58,CL6,CL1,CL2,CL0
796,18,F,CD,-0.57,-0.32,1.13,-0.58,CL3,CL3,CL0,CL0
797,23,F,CD,-0.57,-0.32,0.42,-0.95,CL3,CL6,CL0,CL5
798,23,M,Uni,0.96,-0.32,-0.58,0.81,CL5,CL3,CL2,CL0
799,34,M,CD,-0.57,-0.32,0.14,1.11,CL6,CL3,CL0,CL3
800,39,M,CD,0.96,-0.32,1.23,0.64,CL5,CL2,CL1,CL1
801,23,F,CD,0.25,-0.32,-1.19,0.17,CL4,CL3,CL0,CL3
802,26,F,CD,-0.57,-0.32,0.52,-0.44,CL3,CL5,CL2,CL2
803,23,F,L23,0.21,-0.32,-0.47,0.32,CL5,CL4,CL0,CL3
804,50,M,Uni,-0.57,-0.32,0.14,-0.95,CL6,CL6,CL1,CL0
805,32,F,CD,-0.57,-0.32,0.52,-1.09,CL5,CL2,CL0,CL3
806,18,M,Uni,0.25,-0.32,1.98,-1.51,CL6,CL4,CL3,CL6
807,31,F,CD,-0.57,-0.32,-0.25,0.17,CL2,CL6,CL0,CL6
808,18,F,L22,-0.1,-0.32,-0.35,0.81,CL5,CL0,CL0,CL0
809,22,M,CD,-0.57,-0.32,1.02,0.81,CL6,CL0,CL0,CL5
810,22,F,Uni,-0.57,-0.32,0.42,-1.92,CL3,CL3,CL0,CL3
811,24,F,PD,0.96,-0.32,-1.69,-0.81,CL5,CL0,CL0,CL0
812,24,F,L23,-0.57,-0.32,-1.69,0.81,CL3,CL0,CL0,CL0
813,54,M,Uni,-0.57,-0.32,1.23,1.74,CL6,CL4,CL1,CL2
814,20,F,CD,-0.57,-0.32,1.13,-0.7,CL4,CL0,CL0,CL4
815,31,F,Uni,-0.57,-0.32,0.52,-0.58,CL3,CL2,CL0,CL2
816,18,F,CD,0.96,-0.32,-0.68,0.0,CL5,CL3,CL4,CL0
817,18,F,CD,0.25,-0.32,2.46,0.32,CL5,CL2,CL0,CL6
818,23,M,CD,-0.57,-0.32,0.14,-0.95,CL3,CL0,CL0,CL0
819,50,F,PhD,-0.1,-0.32,0.63,0.17,CL4,CL3,CL2,CL4
820,30,M,Msc,0.96,-0.32,1.6,-0.81,CL5,CL2,CL3,CL5
821,23,F,CD,-0.1,-0.5,-0.68,1.74,CL3,CL0,CL0,CL0
822,19,M,Uni,-0.57,-0.32,-0.35,0.32,CL5,CL4,CL0,CL0
823,21,F,CD,0.96,-0.32,-0.05,1.11,CL6,CL0,CL0,CL0
824,22,F,CD,-0.57,-0.32,-0.05,0.17,CL4,CL0,CL0,CL0
825,18,F,CD,-0.29,1.91,0.04,-0.3,CL5,CL0,CL0,CL0
826,23,F,Uni,-0.1,-0.32,0.63,-2.11,CL5,CL6,CL0,CL5
827,18,F,Uni,-0.57,-0.32,0.52,0.64,CL6,CL2,CL0,CL4
828,18,F,CD,-0.57,-0.32,0.14,1.45,CL3,CL6,CL0,CL4
829,19,F,Uni,-0.29,-0.32,-0.92,0.48,CL6,CL2,CL0,CL4
830,29,M,PhD,-0.1,-0.32,1.72,0.48,CL5,CL3,CL0,CL0
831,20,F,CD,-0.57,-0.32,0.14,0.64,CL4,CL3,CL0,CL0
832,24,F,PD,0.96,-0.32,0.31,-0.44,CL6,CL6,CL2,CL0
833,20,F,CD,-0.57,-0.32,0.91,-0.81,CL4,CL0,CL0,CL0
834,32,M,Msc,-0.57,-0.32,0.14,-0.95,CL6,CL3,CL1,CL5
835,50,M,PhD,-0.57,-0.32,0.04,0.17,CL6,CL6,CL1,CL4
836,33,M,Msc,-0.57,-0.32,0.83,-0.7,CL5,CL0,CL0,CL0
837,22,F,Uni,-0.57,-0.32,0.52,-0.95,CL6,CL3,CL0,CL2
838,19,F,Uni,-0.1,-0.32,-1.69,0.17,CL4,CL0,CL4,CL0
839,51,F,Msc,-0.57,-0.32,-0.35,0.32,CL3,CL6,CL3,CL2
840,19,F,CD,-0.1,-0.32,-1.69,1.74,CL4,CL0,CL0,CL0
841,22,F,L23,0.96,-0.32,0.74,0.0,CL6,CL0,CL0,CL0
842,33,F,Uni,-0.57,-0.32,0.22,-1.38,CL5,CL6,CL2,CL5
843,18,F,CD,-0.57,-0.32,-0.58,-0.15,CL4,CL4,CL0,CL0
844,20,F,CD,-0.57,-0.32,-0.68,0.0,CL3,CL2,CL0,CL3
845,29,M,CD,-0.57,-0.32,0.52,-0.44,CL6,CL1,CL0,CL4
846,20,M,CD,-0.57,-0.32,0.31,0.81,CL5,CL0,CL0,CL2
847,37,F,CD,-0.57,-0.32,0.91,-1.63,CL6,CL0,CL0,CL5
848,20,M,PD,0.25,-0.32,0.52,-0.44,CL2,CL6,CL0,CL0
849,30,F,Uni,-0.57,-0.32,0.63,-0.44,CL3,CL6,CL2,CL6
850,22,F,L23,-0.57,-0.32,-1.69,0.05429718875502009,CL6,CL6,CL0,CL6
851,63,F,Msc,-0.57,-0.32,-1.69,0.0,CL4,CL0,CL0,CL0
852,22,F,Msc,-0.29,-0.32,0.42,-0.95,CL5,CL0,CL2,CL0
853,19,F,CD,-0.57,-0.32,-0.79,1.45,CL0,CL2,CL0,CL0
854,34,F,Uni,-0.57,-0.32,0.74,0.17,CL2,CL2,CL0,CL2
855,21,F,CD,-0.57,-0.32,0.04,0.0,CL5,CL5,CL0,CL6
856,22,M,CD,-0.57,-0.32,-0.35,0.17,CL5,CL0,CL0,CL0
857,22,F,L21,0.25,-0.22,0.52,0.81,CL5,CL4,CL2,CL3
858,27,F,CD,0.96,-0.32,-1.05,0.48,CL2,CL3,CL2,CL0
859,19,F,PD,-0.57,0.13,0.52,1.29,CL5,CL5,CL0,CL3
860,31,F,L22,0.25,-0.32,1.37,-0.81,CL4,CL6,CL3,CL6
861,20,F,CD,-0.57,-0.32,-1.05,2.32,CL5,CL5,CL0,CL4
862,24,M,CD,-0.29,-0.5,1.02,-1.23,CL3,CL6,CL0,CL6
863,29,F,CD,-0.29,-0.32,0.63,0.81,CL6,CL0,CL0,CL0
864,21,F,Uni,0.96,-0.32,0.04,-0.15,CL6,CL2,CL2,CL2
865,19,F,CD,0.25,-0.32,-1.87,1.29,CL0,CL0,CL0,CL0
866,24,F,CD,0.21,-0.32,1.6,-0.58,CL6,CL1,CL4,CL4
867,22,M,CD,-0.57,-0.32,-0.15,1.11,CL5,CL0,CL0,CL0
868,19,F,CD,0.25,-0.32,0.42,-1.09,CL5,CL5,CL0,CL5
869,20,M,CD,-0.57,-0.32,-0.05,1.29,CL6,CL3,CL0,CL0
870,22,M,CD,-0.57,-0.32,-1.33,0.32,CL5,CL3,CL0,CL0
871,46,F,PD,0.96,-0.32,1.6,-0.7,CL3,CL1,CL2,CL2
872,30,F,Uni,-0.57,-0.32,0.91,-0.81,CL6,CL2,CL2,CL2
873,24,F,Msc,-0.57,-0.32,0.22,1.58,CL5,CL4,CL0,CL5
874,34,M,Msc,-0.57,-0.32,-0.68,-0.44,CL5,CL0,CL0,CL2
875,21,M,CD,0.96,-0.32,1.49,-1.76,CL4,CL0,CL0,CL2
876,27,M,Msc,-0.57,-0.32,0.22,-1.09,CL5,CL6,CL2,CL5
877,22,M,CD,-0.57,-0.32,0.74,0.32,CL5,CL6,CL0,CL4
878,40,F,PD,-0.57,-0.32,1.23,-2.11,CL3,CL5,CL1,CL2
879,28,F,CD,-0.1,-0.32,-0.92,0.48,CL5,CL3,CL0,CL0
880,20,M,Uni,-0.57,-0.32,-0.58,1.45,CL5,CL3,CL0,CL0
881,30,F,Msc,-0.57,-0.32,1.23,0.0,CL6,CL6,CL2,CL6
882,18,M,B21,-0.57,-0.32,0.63,-0.15,CL5,CL4,CL0,CL4
883,43,F,CD,-0.57,-0.32,1.6,-1.09,CL4,CL6,CL1,CL2
884,27,M,CD,-0.57,-0.32,-1.19,1.45,CL2,CL2,CL0,CL2
885,23,F,CD,-0.57,-0.32,0.04,1.29,CL6,CL3,CL0,CL4
886,21,F,CD,-0.57,0.11,1.49,0.0,CL5,CL6,CL4,CL6
887,34,F,CD,-0.29,-0.32,1.02,-2.73,CL4,CL2,CL0,CL5
888,19,F,Uni,0.96,-0.32,0.42,-0.44,CL4,CL0,CL3,CL0
889,23,F,Uni,0.96,-0.32,-0.47,2.57,CL6,CL3,CL2,CL4
890,18,M,CD,-0.57,-0.32,-1.05,1.45,CL5,CL0,CL0,CL0
891,24,M,CD,-0.57,-0.32,0.42,0.81,CL5,CL0,CL0,CL0
892,21,F,CD,-0.57,0.11,0.14,0.96,CL4,CL3,CL3,CL3
893,34,F,CD,0.21,-0.32,-1.55,2.13,CL5,CL6,CL2,CL6
894,32,F,CD,-0.29,-0.32,0.14,-0.44,CL3,CL3,CL0,CL0
895,34,F,CD,-0.57,-0.32,1.02,-1.51,CL4,CL4,CL2,CL4
896,25,M,L22,0.96,-0.32,3.27,-2.11,CL6,CL3,CL2,CL2
897,19,F,CD,-0.29,-0.32,-1.44,-1.76,CL5,CL3,CL0,CL3
898,19,M,PD,0.96,-0.32,-1.87,-0.3,CL4,CL2,CL3,CL0
899,27,F,Msc,-0.57,-0.32,-0.79,1.11,CL5,CL4,CL3,CL6
900,31,F,Uni,-0.57,-0.32,1.84,-0.3,CL6,CL0,CL0,CL0
901,18,M,CD,-0.57,-0.32,1.84,-0.95,CL6,CL0,CL0,CL0
902,23,F,Uni,0.25,-0.32,-2.52,1.74,CL5,CL6,CL4,CL6
903,24,F,CD,0.96,-1.11,0.04,-0.95,CL5,CL0,CL0,CL2
904,30,M,Msc,-0.57,-0.32,0.22,-0.7,CL6,CL2,CL0,CL2
905,21,F,L23,-0.57,-0.32,-0.05,0.96,CL4,CL6,CL4,CL4
906,38,M,Uni,-0.57,-0.32,1.02,-0.3,CL6,CL0,CL0,CL0
907,18,F,CD,-0.57,-0.32,1.37,-0.15,CL2,CL3,CL0,CL6
908,25,F,PD,-0.29,-0.32,0.42,0.32,CL5,CL2,CL2,CL0
909,39,F,Uni,-0.1,-0.32,-1.33,0.32,CL4,CL5,CL2,CL0
910,23,F,CD,-0.57,0.11,-0.25,0.0,CL5,CL4,CL0,CL4
911,22,F,Uni,-0.57,-0.32,0.14,0.64,CL5,CL5,CL3,CL6
912,29,M,CD,-0.57,-0.32,1.37,0.48,CL6,CL0,CL0,CL6
913,22,M,CD,-0.57,-0.32,2.13,-2.73,CL4,CL4,CL0,CL4
914,22,F,CD,-0.57,-0.32,0.74,-1.38,CL4,CL0,CL0,CL2
915,39,F,Uni,-0.57,-0.32,0.31,-1.51,CL3,CL0,CL0,CL6
916,24,M,CD,-0.57,-0.32,-1.19,2.32,CL5,CL0,CL0,CL0
917,30,M,L22,-0.57,-0.32,2.29,-2.54,CL5,CL4,CL0,CL5
918,20,F,L23,-0.57,-0.22,0.22,0.0,CL6,CL6,CL0,CL4
919,28,F,L21,-0.57,-0.32,0.42,-0.15,CL4,CL3,CL0,CL3
920,19,M,CD,-0.57,-0.32,1.72,-1.63,CL3,CL0,CL0,CL0
921,22,F,L23,0.25,-0.32,0.22,1.45,CL6,CL4,CL2,CL3
922,40,F,Msc,0.96,-0.32,-0.25,-0.3,CL5,CL0,CL0,CL5
923,24,F,CD,-0.29,-0.32,-1.19,0.48,CL6,CL4,CL0,CL2
924,22,F,B21,-0.1,-0.32,0.14,-0.3,CL3,CL4,CL0,CL2
925,20,F,CD,-0.57,-0.32,-1.19,-1.38,CL3,CL0,CL0,CL0
926,29,F,L23,-0.57,-0.32,1.23,-1.23,CL3,CL0,CL0,CL3
927,20,F,L21,-0.57,-0.32,1.02,-1.51,CL3,CL3,CL0,CL3
928,23,F,PD,-0.57,-0.32,-0.79,1.29,CL5,CL2,CL0,CL0
929,28,F,CD,-0.57,-0.32,0.22,-1.23,CL5,CL0,CL0,CL3
930,27,F,CD,-0.57,-0.32,-0.58,1.45,CL4,CL1,CL0,CL3
931,22,M,CD,0.96,0.11,-0.25,0.96,CL4,CL5,CL4,CL3
932,39,F,L21,0.96,-0.32,-0.68,-0.7,CL3,CL2,CL3,CL0
933,27,M,Uni,-0.1,-0.32,0.74,-0.7,CL4,CL2,CL0,CL1
934,23,M,L22,-0.57,-0.32,1.13,-1.92,CL3,CL2,CL0,CL6
935,22,M,Uni,0.96,-0.32,-0.25,0.0,CL5,CL0,CL0,CL0
936,19,M,CD,-0.57,-0.32,-1.33,1.11,CL5,CL3,CL3,CL4
937,23,M,CD,-0.57,-0.32,2.29,-0.7,CL4,CL0,CL0,CL0
938,20,F,PD,0.96,-0.32,0.42,1.29,CL3,CL5,CL2,CL5
939,18,F,CD,-0.29,-0.32,-0.05,0.32,CL6,CL0,CL0,CL0
940,18,M,Uni,0.96,-0.32,0.31,0.32,CL5,CL0,CL2,CL0
941,21,F,CD,-0.29,-0.32,0.42,-0.44,CL6,CL0,CL0,CL0
942,27,M,L23,-0.29,-0.32,0.91,1.29,CL5,CL3,CL4,CL0
943,29,F,PD,-0.57,-0.32,-0.47,2.32,CL4,CL2,CL0,CL3
944,20,M,CD,-0.57,0.13,1.6,-0.81,CL3,CL3,CL0,CL6
945,27,M,Msc,-0.57,-0.32,1.02,-0.3,CL3,CL2,CL0,CL6
946,18,M,CD,-0.57,-0.32,-0.35,-1.09,CL4,CL0,CL0,CL0
947,24,F,L23,-0.57,-0.32,-0.68,-0.3,CL4,CL6,CL0,CL3
948,32,F,PD,0.96,-0.32,2.13,-1.38,CL6,CL2,CL3,CL6
949,32,M,L23,0.25,-0.32,0.42,0.0,CL2,CL2,CL0,CL5
950,42,F,PD,-0.57,-0.32,1.6,-1.76,CL5,CL1,CL0,CL1
951,22,M,Uni,-0.57,-0.32,0.63,0.0,CL6,CL2,CL0,CL3
952,20,M,CD,-0.57,-0.32,-1.19,0.32,CL3,CL3,CL0,CL0
953,19,F,CD,-0.57,-0.32,0.42,0.17,CL5,CL5,CL0,CL3
954,33,M,Uni,0.96,-0.32,1.02,-0.95,CL5,CL0,CL0,CL0
955,22,F,CD,-0.29,-0.32,1.37,-0.81,CL0,CL0,CL0,CL0
956,21,F,PD,-0.57,-0.32,1.84,-0.58,CL4,CL5,CL2,CL4
957,50,F,Uni,-0.57,-0.32,-1.19,-0.58,CL5,CL6,CL1,CL2
958,36,F,PD,0.96,-0.32,-1.44,-0.3,CL6,CL0,CL5,CL0
959,20,F,CD,-0.29,-0.32,-0.25,1.58,CL5,CL0,CL0,CL0
960,23,M,Uni,-0.29,-0.32,0.04,0.17,CL5,CL0,CL0,CL1
961,46,M,CD,-0.57,-0.32,-0.05,-0.7,CL5,CL6,CL0,CL1
962,24,F,PD,-0.1,-0.32,0.31,0.96,CL5,CL3,CL5,CL0
963,31,F,CD,-0.57,-0.32,-0.35,0.32,CL5,CL3,CL0,CL5
964,39,F,CD,0.96,-0.32,0.63,-1.92,CL5,CL3,CL2,CL5
965,18,F,CD,-0.57,-0.32,-0.92,1.29,CL5,CL3,CL0,CL0
966,26,M,Msc,-0.57,-0.32,-1.19,0.0,CL5,CL1,CL0,CL3
967,18,F,Msc,0.96,-0.32,-0.92,1.11,CL5,CL2,CL3,CL4
968,21,M,CD,-0.57,-0.32,-0.58,0.32,CL4,CL3,CL1,CL0
969,20,M,CD,-0.57,-0.32,-0.25,0.17,CL5,CL0,CL0,CL2
970,18,F,CD,-0.57,-1.11,-1.55,1.29,CL6,CL0,CL0,CL0
971,62,F,PhD,-0.29,-0.32,-1.87,1.29,CL6,CL1,CL1,CL1
972,42,M,Uni,0.25,-0.32,0.22,0.0,CL5,CL1,CL0,CL0
973,31,F,CD,0.25,-0.32,0.42,-1.63,CL6,CL4,CL0,CL0
974,20,F,CD,-0.57,-0.32,1.49,-1.23,CL6,CL0,CL0,CL2
975,22,F,CD,-0.57,-0.32,-1.87,2.13,CL6,CL2,CL0,CL0
976,23,F,CD,-0.57,-0.32,1.23,0.0,CL5,CL0,CL0,CL0
977,283,F,Msc,-0.57,-0.32,-2.22,0.0,CL1,CL0,CL0,CL0
978,21,F,CD,-0.57,-0.32,-0.58,1.11,CL0,CL2,CL0,CL3
979,40,M,Msc,0.96,-0.32,-0.58,1.45,CL5,CL4,CL2,CL2
980,47,M,CD,-0.57,-0.32,1.23,-1.09,CL6,CL1,CL1,CL4
981,28,M,PhD,-0.57,-0.5,0.63,0.17,CL4,CL1,CL2,CL2
982,18,F,CD,-0.29,-0.32,0.42,-0.15,CL4,CL0,CL0,CL4
983,20,F,CD,0.96,-0.32,1.02,1.11,CL6,CL6,CL3,CL4
984,28,M,Uni,-0.57,-0.32,0.63,-0.15,CL5,CL1,CL0,CL6
985,22,F,CD,-0.57,-0.32,-0.15,-0.15,CL6,CL3,CL0,CL3
986,22,F,CD,-0.29,-0.32,-0.15,0.32,CL5,CL3,CL3,CL0
987,18,F,PD,-0.57,-0.32,0.74,-0.81,CL5,CL6,CL0,CL6
988,32,F,CD,-0.57,-0.32,1.72,0.64,CL4,CL0,CL0,CL4
989,22,F,CD,-0.57,-0.32,1.02,-1.51,CL4,CL3,CL0,CL6
990,31,F,Uni,-0.57,-0.32,-0.79,0.0,CL5,CL6,CL0,CL4
991,19,F,CD,-0.57,-0.32,1.72,-0.58,CL6,CL4,CL2,CL6
992,19,F,CD,-0.1,-,0.31,1.74,CL5,CL4,CL5,CL3
993,63,F,PD,-0.29,-,-0.79,0.32,CL3,CL1,CL0,CL2
994,25,F,Uni,0.96,-0.32,-1.19,0.81,CL5,CL2,CL2,CL2
995,19,F,CD,-0.57,-0.32,0.52,0.81,CL5,CL5,CL0,CL3
996,21,F,Msc,-0.29,-0.32,-0.79,-0.3,CL5,CL0,CL0,CL4
997,22,F,Msc,0.96,-0.32,-0.79,0.96,CL5,CL2,CL2,CL4
998,25,F,Msc,0.96,-0.32,1.13,-0.3,CL6,CL0,CL2,CL5
999,32,M,PhD,-0.57,-0.32,-1.05,0.81,CL3,CL6,CL0,CL0
1000,21,F,CD,-0.57,-0.32,-0.68,0.48,CL4,CL3,CL3,CL2
1001,22,F,L21,-0.47,-0.32,1.23,-1.09,CL5,CL0,CL3,CL0
1002,20,F,CD,-0.57,-0.32,-0.05,0.96,CL5,CL6,CL1,CL5
